donor_layer,inject_layer,connector_r2_heldout,n_eval_residues,ss3_stitched,ss3_native,ss3_stitched_rand,ss3_donor,burial_stitched,burial_native,burial_stitched_rand,burial_donor,rsa_stitched,rsa_native,rsa_stitched_rand,rsa_donor
1,1,0.093,4000,0.6791,0.6842,0.8347,0.841,0.7816,0.7395,0.8645,0.866,0.4134,0.3026,0.7285,0.7584
1,2,0.069,4000,0.7647,0.692,0.8352,0.8311,0.805,0.7603,0.8619,0.8667,0.5005,0.3545,0.7499,0.7574
1,3,0.0533,4000,0.7107,0.6749,0.8376,0.8326,0.7603,0.7421,0.8609,0.852,0.392,0.3239,0.7376,0.7087
1,4,0.0533,4000,0.7849,0.6848,0.8471,0.853,0.8038,0.72,0.8677,0.8647,0.4975,0.3061,0.7617,0.7433
1,5,0.0509,4000,0.8194,0.6806,0.8484,0.8436,0.832,0.735,0.872,0.866,0.5834,0.3191,0.776,0.7561
1,6,0.0416,4000,0.8172,0.709,0.8354,0.8476,0.8513,0.7654,0.8733,0.877,0.6346,0.3192,0.7551,0.7572
1,7,0.0279,4000,0.8275,0.7069,0.831,0.8458,0.8587,0.7572,0.8798,0.8647,0.6714,0.334,0.7919,0.7585
1,8,0.0299,4000,0.8397,0.6738,0.8208,0.8303,0.8607,0.7456,0.8825,0.8834,0.6558,0.3536,0.7675,0.7461
1,9,0.0331,4000,0.8308,0.6768,0.8551,0.8452,0.8312,0.7431,0.8704,0.848,0.6451,0.2982,0.7547,0.7228
1,10,0.045,4000,0.8416,0.6748,0.8524,0.8449,0.8704,0.7298,0.8798,0.8858,0.7033,0.3221,0.7896,0.729
1,11,0.0669,4000,0.8631,0.6852,0.8551,0.8543,0.8809,0.7216,0.8854,0.8726,0.728,0.3033,0.7776,0.7371
1,12,0.0716,4000,0.8431,0.6696,0.8431,0.8429,0.8728,0.7234,0.8728,0.8569,0.7646,0.279,0.7646,0.7175
2,1,0.1341,4000,0.6928,0.6771,0.7935,0.8252,0.7524,0.7339,0.8717,0.8839,0.4027,0.3099,0.7251,0.7478
2,2,0.0936,4000,0.7053,0.683,0.8228,0.8309,0.7768,0.7347,0.8715,0.8805,0.441,0.278,0.7437,0.7743
2,3,0.0704,4000,0.7101,0.6508,0.8299,0.8327,0.7648,0.7368,0.8699,0.8783,0.3967,0.3266,0.7455,0.7399
2,4,0.0705,4000,0.7582,0.6703,0.8495,0.8432,0.8099,0.7419,0.8704,0.8683,0.5032,0.3494,0.7685,0.7521
2,5,0.0677,4000,0.7936,0.6521,0.8471,0.8367,0.8237,0.7212,0.8776,0.8806,0.5852,0.2875,0.7872,0.7857
2,6,0.0566,4000,0.7884,0.7252,0.8302,0.8179,0.8555,0.7447,0.8841,0.8826,0.5804,0.3158,0.7419,0.7408
2,7,0.0396,4000,0.8221,0.6787,0.849,0.8514,0.847,0.7496,0.8748,0.8635,0.6543,0.3025,0.7628,0.7564
2,8,0.0403,4000,0.8279,0.6644,0.8528,0.8497,0.8574,0.7381,0.8921,0.8891,0.6868,0.3049,0.8031,0.777
2,9,0.0429,4000,0.8473,0.6845,0.8375,0.8434,0.8357,0.7535,0.8847,0.8772,0.6335,0.3014,0.7821,0.7551
2,10,0.0572,4000,0.8489,0.6942,0.8619,0.8554,0.8585,0.7675,0.8865,0.8736,0.6655,0.363,0.7597,0.7429
2,11,0.0865,4000,0.8438,0.6944,0.8458,0.8521,0.8761,0.7402,0.8889,0.8904,0.758,0.3376,0.7837,0.7615
2,12,0.0905,4000,0.8409,0.6719,0.8409,0.836,0.8878,0.7656,0.8878,0.8855,0.819,0.3819,0.819,0.7824
3,1,0.1752,4000,0.6854,0.6895,0.7683,0.8236,0.7672,0.7425,0.85,0.893,0.3818,0.326,0.6891,0.7741
3,2,0.1181,4000,0.7036,0.7175,0.8268,0.8212,0.7605,0.7486,0.8621,0.8741,0.3857,0.3205,0.7396,0.7742
3,3,0.0868,4000,0.6944,0.6743,0.8158,0.8009,0.7647,0.7326,0.8726,0.887,0.4138,0.2676,0.7207,0.778
3,4,0.0878,4000,0.7334,0.6825,0.8264,0.8161,0.7836,0.7271,0.8772,0.8886,0.4499,0.3189,0.7325,0.7831
3,5,0.0881,4000,0.7327,0.6799,0.833,0.8327,0.8093,0.7446,0.865,0.8748,0.5119,0.331,0.7588,0.768
3,6,0.0745,4000,0.7469,0.6158,0.8162,0.7945,0.8168,0.7271,0.8635,0.8884,0.5955,0.2959,0.7618,0.7843
3,7,0.053,4000,0.7983,0.6814,0.8313,0.8123,0.8444,0.7416,0.8803,0.8841,0.6255,0.3353,0.7556,0.7839
3,8,0.0515,4000,0.8045,0.6718,0.8361,0.8239,0.8406,0.7354,0.868,0.8674,0.6354,0.2999,0.7445,0.7696
3,9,0.0537,4000,0.8103,0.6487,0.8424,0.8105,0.8329,0.7596,0.8921,0.8929,0.5973,0.3103,0.762,0.7559
3,10,0.0695,4000,0.8046,0.6696,0.8289,0.8161,0.8551,0.7182,0.8877,0.8892,0.6603,0.3003,0.7893,0.7918
3,11,0.1056,4000,0.8208,0.666,0.8239,0.8291,0.8642,0.7437,0.8781,0.873,0.7219,0.335,0.7793,0.7681
3,12,0.1083,4000,0.8549,0.6921,0.8549,0.8309,0.8739,0.7218,0.8739,0.8725,0.7651,0.3081,0.7651,0.7642
