a,b,layer,label,b_layer,mode,metric,mean,lo,hi,sd,n_resamples,n_residues_per_subsample,degenerate
esm,proteinmpnn,0,emb,2,raw,cka,0.2634,0.2454,0.2809,0.0094,50,8000,0
esm,proteinmpnn,0,emb,2,partial,cka,0.0,0.0,0.0,0.0,50,8000,1
esm,proteinmpnn,1,b1,2,raw,cka,0.2571,0.2429,0.2681,0.0076,50,8000,0
esm,proteinmpnn,1,b1,2,partial,cka,0.0667,0.0537,0.0796,0.0076,50,8000,0
esm,proteinmpnn,2,b2,2,raw,cka,0.2523,0.2403,0.2612,0.0061,50,8000,0
esm,proteinmpnn,2,b2,2,partial,cka,0.0861,0.0784,0.096,0.0051,50,8000,0
esm,proteinmpnn,3,b3,2,raw,cka,0.2297,0.2227,0.2374,0.0045,50,8000,0
esm,proteinmpnn,3,b3,2,partial,cka,0.0926,0.0848,0.1017,0.0047,50,8000,0
esm,proteinmpnn,4,b4,2,raw,cka,0.2211,0.2117,0.2292,0.0052,50,8000,0
esm,proteinmpnn,4,b4,2,partial,cka,0.0861,0.0787,0.0949,0.0048,50,8000,0
esm,proteinmpnn,5,b5,2,raw,cka,0.1451,0.1311,0.1566,0.0077,50,8000,0
esm,proteinmpnn,5,b5,2,partial,cka,0.0551,0.0437,0.0669,0.0059,50,8000,0
esm,proteinmpnn,6,b6,2,raw,cka,0.1372,0.1244,0.1499,0.0071,50,8000,0
esm,proteinmpnn,6,b6,2,partial,cka,0.059,0.0473,0.0688,0.0058,50,8000,0
esm,proteinmpnn,7,b7,2,raw,cka,0.1118,0.0989,0.1254,0.0066,50,8000,0
esm,proteinmpnn,7,b7,2,partial,cka,0.0592,0.0483,0.0698,0.0058,50,8000,0
esm,proteinmpnn,8,b8,2,raw,cka,0.1195,0.1079,0.1334,0.0074,50,8000,0
esm,proteinmpnn,8,b8,2,partial,cka,0.0734,0.0641,0.0836,0.0059,50,8000,0
esm,proteinmpnn,9,b9,2,raw,cka,0.134,0.1231,0.1495,0.007,50,8000,0
esm,proteinmpnn,9,b9,2,partial,cka,0.0909,0.0808,0.1018,0.0058,50,8000,0
esm,proteinmpnn,10,b10,2,raw,cka,0.1986,0.1857,0.2097,0.0063,50,8000,0
esm,proteinmpnn,10,b10,2,partial,cka,0.1114,0.0999,0.1234,0.0062,50,8000,0
esm,proteinmpnn,11,b11,2,raw,cka,0.2572,0.2417,0.2742,0.0085,50,8000,0
esm,proteinmpnn,11,b11,2,partial,cka,0.1365,0.1226,0.1539,0.0083,50,8000,0
esm,proteinmpnn,12,b12,2,raw,cka,0.198,0.1796,0.221,0.0124,50,8000,0
esm,proteinmpnn,12,b12,2,partial,cka,0.1049,0.0904,0.1233,0.0093,50,8000,0
