layer,purity_ss3,purity_burial,purity_binding,purity_cath,lvr_rsa,lvr_bfactor
emb,0.0423,0.12,-0.0905,-0.0049,0.7759,0.9745
L1,0.1257,0.1948,0.0881,0.859,0.7168,0.8255
L2,0.1553,0.2111,0.1051,0.4599,0.7018,0.8219
L3,0.2189,0.2213,0.1302,0.3607,0.6982,0.8106
L4,0.2634,0.2278,0.1268,0.3647,0.7117,0.8231
L5,0.3137,0.2243,0.1763,0.4733,0.7438,0.838
L6,0.3481,0.2134,0.1641,0.677,0.7554,0.8237
L7,0.3555,0.1936,0.1582,0.8366,0.7627,0.7463
L8,0.3488,0.1905,0.1941,0.8609,0.7599,0.7244
L9,0.3422,0.1913,0.1906,0.8924,0.7563,0.6985
L10,0.3314,0.2005,0.2009,0.9381,0.7449,0.7082
L11,0.3518,0.1784,0.2211,0.9858,0.7702,0.6555
L12,0.3498,0.1811,0.2546,0.988,0.7558,0.6419
L13,0.3633,0.1493,0.2632,0.981,0.7884,0.6303
L14,0.3677,0.1371,0.2624,0.9757,0.7932,0.6297
L15,0.3726,0.1282,0.2762,0.97,0.7988,0.6349
L16,0.3756,0.1299,0.2749,0.9666,0.7984,0.6447
L17,0.3752,0.1258,0.2712,0.9769,0.7978,0.636
L18,0.3781,0.1237,0.2763,0.9696,0.7998,0.6339
L19,0.3808,0.1231,0.2814,0.9681,0.8013,0.6356
L20,0.3793,0.1223,0.286,0.9651,0.7992,0.6384
L21,0.3885,0.1279,0.292,0.9551,0.8017,0.6512
L22,0.3951,0.1308,0.2947,0.9475,0.7997,0.6485
L23,0.4018,0.1356,0.2992,0.9402,0.7984,0.6519
L24,0.408,0.1428,0.3154,0.929,0.7925,0.6582
L25,0.412,0.146,0.3239,0.9234,0.7882,0.6663
L26,0.4223,0.1552,0.342,0.9132,0.7839,0.6764
L27,0.4351,0.1718,0.3676,0.8857,0.778,0.6957
L28,0.4434,0.1972,0.3827,0.8369,0.762,0.7169
L29,0.4488,0.2295,0.4064,0.7435,0.7505,0.6986
L30,0.4405,0.2517,0.4323,0.6062,0.7292,0.6962
L31,0.3953,0.302,0.4422,0.4291,0.7041,0.7119
L32,0.3509,0.3375,0.4234,0.2748,0.666,0.6854
L33,0.3317,0.3763,0.3514,0.3469,0.5847,0.6996
