target,n_classes,n_test,comp_lin_f1,comp_lin_f1_lo,comp_lin_f1_hi,comp_xgb_acc,comp_xgb_acc_lo,comp_xgb_acc_hi,comp_xgb_f1,comp_xgb_f1_lo,comp_xgb_f1_hi
cath_class,5,1224,0.3784,0.337,0.4299,0.6103,0.5833,0.6381,0.3684,0.3322,0.4216
cath_arch,8,1175,0.2581,0.2286,0.2892,0.3855,0.3574,0.4145,0.247,0.2209,0.2757
cath_topol,12,645,0.2088,0.1613,0.2496,0.414,0.3767,0.4543,0.2995,0.2426,0.3505
ec_class,7,1160,0.1545,0.1273,0.1841,0.6224,0.5966,0.6526,0.263,0.2177,0.3032
enzyme,2,1170,0.6586,0.6301,0.6849,0.6726,0.6444,0.6991,0.6504,0.6201,0.6783
protein_class,12,1081,0.1151,0.0943,0.136,0.4302,0.4006,0.4607,0.203,0.1693,0.2353
localisation,6,601,0.3141,0.2585,0.3642,0.4908,0.4509,0.5291,0.3145,0.2566,0.3695
kingdom,4,1170,0.4887,0.4577,0.52,0.7513,0.7256,0.7735,0.5803,0.5307,0.6294
is_transport,2,1170,0.5026,0.4786,0.5353,0.9239,0.9077,0.9376,0.5395,0.499,0.5854
is_dna_binding,2,1170,0.5018,0.4758,0.535,0.8872,0.8684,0.9043,0.5412,0.5031,0.5826
is_rna_binding,2,1170,0.4866,0.483,0.49,0.9479,0.9342,0.9607,0.4866,0.483,0.49
is_kinase,2,1170,0.4893,0.4862,0.4922,0.9598,0.9487,0.9709,0.5624,0.5071,0.6237
is_ribosomal,2,1170,0.6159,0.4959,0.7277,0.9838,0.9761,0.9906,0.5829,0.495,0.6889
is_membrane_protein,2,1170,0.5954,0.5483,0.6446,0.894,0.876,0.912,0.6448,0.597,0.6922
is_structural,2,1170,0.4917,0.4891,0.4942,0.9684,0.9581,0.9778,0.492,0.4893,0.4944
is_immune,2,1170,0.5708,0.5095,0.646,0.9658,0.9556,0.9761,0.6341,0.5582,0.7073
is_phospho,2,1170,0.5379,0.5084,0.571,0.7915,0.7675,0.8128,0.6321,0.5981,0.6634
is_glyco,2,1170,0.6083,0.5538,0.6612,0.9171,0.9008,0.9325,0.6649,0.6164,0.7144
