donor_layer,inject_layer,n_repeats,connector_r2_mean,binding_site_stitched_mean,binding_site_stitched_rand_mean,binding_site_donor_mean,binding_site_native_mean,binding_site_blank_mean,binding_site_vs_donor_mean,binding_site_vs_donor_lo,binding_site_vs_donor_hi,binding_site_vs_donor_verdict,binding_site_vs_blank_mean,binding_site_vs_blank_lo,binding_site_vs_blank_hi,binding_site_vs_blank_verdict,active_site_stitched_mean,active_site_stitched_rand_mean,active_site_donor_mean,active_site_native_mean,active_site_blank_mean,active_site_vs_donor_mean,active_site_vs_donor_lo,active_site_vs_donor_hi,active_site_vs_donor_verdict,active_site_vs_blank_mean,active_site_vs_blank_lo,active_site_vs_blank_hi,active_site_vs_blank_verdict,ptm_site_stitched_mean,ptm_site_stitched_rand_mean,ptm_site_donor_mean,ptm_site_native_mean,ptm_site_blank_mean,ptm_site_vs_donor_mean,ptm_site_vs_donor_lo,ptm_site_vs_donor_hi,ptm_site_vs_donor_verdict,ptm_site_vs_blank_mean,ptm_site_vs_blank_lo,ptm_site_vs_blank_hi,ptm_site_vs_blank_verdict,ss3_stitched_mean,ss3_stitched_rand_mean,ss3_donor_mean,ss3_native_mean,ss3_blank_mean,ss3_vs_donor_mean,ss3_vs_donor_lo,ss3_vs_donor_hi,ss3_vs_donor_verdict,ss3_vs_blank_mean,ss3_vs_blank_lo,ss3_vs_blank_hi,ss3_vs_blank_verdict,burial_stitched_mean,burial_stitched_rand_mean,burial_donor_mean,burial_native_mean,burial_blank_mean,burial_vs_donor_mean,burial_vs_donor_lo,burial_vs_donor_hi,burial_vs_donor_verdict,burial_vs_blank_mean,burial_vs_blank_lo,burial_vs_blank_hi,burial_vs_blank_verdict,rsa_stitched_mean,rsa_stitched_rand_mean,rsa_donor_mean,rsa_native_mean,rsa_blank_mean,rsa_vs_donor_mean,rsa_vs_donor_lo,rsa_vs_donor_hi,rsa_vs_donor_verdict,rsa_vs_blank_mean,rsa_vs_blank_lo,rsa_vs_blank_hi,rsa_vs_blank_verdict
0,1,5,0.0737,0.5672,0.5436,0.3758,0.5953,0.5665,0.1915,0.1566,0.2263,better,0.0007,-0.0073,0.0087,no clear difference,0.5546,0.5185,0.4221,0.58,0.5077,0.1325,0.0646,0.2005,better,0.0469,0.0106,0.0832,better,0.4997,0.508,0.4439,0.4997,0.4997,0.0558,0.0408,0.0708,better,0.0,0.0,0.0,no clear difference,0.8355,0.6883,0.3359,0.8437,0.8364,0.4996,0.4803,0.5189,better,-0.001,-0.0052,0.0033,no clear difference,0.9035,0.8834,0.6686,0.8998,0.8953,0.2349,0.2258,0.244,better,0.0082,0.004,0.0125,better,0.848,0.7906,0.1694,0.8348,0.8214,0.6785,0.6679,0.6891,better,0.0266,0.0224,0.0307,better
0,2,5,0.0915,0.549,0.5444,0.3758,0.5953,0.5298,0.1732,0.1308,0.2156,better,0.0192,0.0092,0.0292,better,0.5146,0.5063,0.4221,0.58,0.4997,0.0925,0.024,0.161,better,0.0149,-0.0252,0.0551,no clear difference,0.4997,0.5094,0.4439,0.4997,0.4997,0.0558,0.0408,0.0708,better,0.0,0.0,0.0,no clear difference,0.7824,0.6918,0.3359,0.8437,0.784,0.4465,0.4288,0.4643,better,-0.0016,-0.0085,0.0054,no clear difference,0.8994,0.8819,0.6686,0.8998,0.8928,0.2308,0.2205,0.2411,better,0.0066,0.0043,0.0089,better,0.8367,0.7928,0.1694,0.8348,0.8249,0.6673,0.6529,0.6817,better,0.0118,0.0069,0.0166,better
0,3,5,0.134,0.3758,0.3758,0.3758,0.5953,0.4965,0.0,-0.0001,0.0001,no clear difference,-0.1207,-0.166,-0.0755,worse,0.4221,0.4221,0.4221,0.58,0.4001,0.0,0.0,0.0,no clear difference,0.022,-0.4587,0.5027,no clear difference,0.4439,0.4439,0.4439,0.4997,0.4997,0.0,0.0,0.0,no clear difference,-0.0558,-0.0709,-0.0408,worse,0.3359,0.3359,0.3359,0.8437,0.2257,0.0,0.0,0.0,no clear difference,0.1102,0.0918,0.1286,better,0.6686,0.6686,0.6686,0.8998,0.3139,0.0,0.0,0.0,no clear difference,0.3547,0.3387,0.3707,better,0.1694,0.1694,0.1694,0.8348,-0.0001,0.0,0.0,0.0,no clear difference,0.1696,0.1523,0.1868,better
1,1,5,0.1123,0.5754,0.5575,0.5898,0.5953,0.5665,-0.0145,-0.0408,0.0119,no clear difference,0.0088,-0.0045,0.0222,no clear difference,0.5608,0.5222,0.5162,0.58,0.5077,0.0446,-0.0711,0.1603,no clear difference,0.0531,0.003,0.1031,better,0.4997,0.5167,0.5839,0.4997,0.4997,-0.0842,-0.1809,0.0125,no clear difference,0.0,0.0,0.0,no clear difference,0.8339,0.6754,0.5436,0.8437,0.8364,0.2903,0.2771,0.3035,better,-0.0025,-0.0082,0.0032,no clear difference,0.9022,0.8745,0.6997,0.8998,0.8953,0.2025,0.1989,0.206,better,0.0069,0.0019,0.0119,better,0.8456,0.7651,0.2592,0.8348,0.8214,0.5863,0.5785,0.5942,better,0.0242,0.022,0.0263,better
1,2,5,0.1169,0.5503,0.5569,0.5898,0.5953,0.5298,-0.0395,-0.0626,-0.0165,worse,0.0205,0.0108,0.0302,better,0.5214,0.4997,0.5162,0.58,0.4997,0.0053,-0.0369,0.0474,no clear difference,0.0217,-0.0182,0.0617,no clear difference,0.4997,0.512,0.5839,0.4997,0.4997,-0.0842,-0.1809,0.0125,no clear difference,0.0,0.0,0.0,no clear difference,0.7774,0.6881,0.5436,0.8437,0.784,0.2338,0.2238,0.2437,better,-0.0066,-0.0135,0.0002,no clear difference,0.8981,0.8796,0.6997,0.8998,0.8928,0.1984,0.1949,0.202,better,0.0053,0.0018,0.0089,better,0.8323,0.7827,0.2592,0.8348,0.8249,0.573,0.5663,0.5798,better,0.0074,0.0055,0.0092,better
1,3,5,0.1589,0.5475,0.5475,0.5898,0.5953,0.4965,-0.0423,-0.0572,-0.0274,worse,0.051,0.026,0.076,better,0.5105,0.5105,0.5162,0.58,0.4001,-0.0057,-0.0258,0.0144,no clear difference,0.1104,-0.3169,0.5377,no clear difference,0.5422,0.5422,0.5839,0.4997,0.4997,-0.0417,-0.0949,0.0115,no clear difference,0.0425,-0.0267,0.1116,no clear difference,0.528,0.528,0.5436,0.8437,0.2257,-0.0156,-0.0223,-0.0089,worse,0.3023,0.2914,0.3132,better,0.6987,0.6987,0.6997,0.8998,0.3139,-0.001,-0.0036,0.0015,no clear difference,0.3847,0.3749,0.3946,better,0.2601,0.2601,0.2592,0.8348,-0.0001,0.0009,-0.0041,0.0059,no clear difference,0.2603,0.2445,0.276,better
2,1,5,0.1651,0.5799,0.5501,0.5713,0.5953,0.5665,0.0086,-0.0099,0.0272,no clear difference,0.0134,0.0019,0.0248,better,0.5647,0.522,0.5151,0.58,0.5077,0.0496,-0.0971,0.1964,no clear difference,0.057,-0.0084,0.1224,no clear difference,0.4997,0.4997,0.4997,0.4997,0.4997,-0.0,-0.0001,0.0001,no clear difference,-0.0,-0.0001,0.0001,no clear difference,0.8354,0.7035,0.6034,0.8437,0.8364,0.2321,0.2225,0.2416,better,-0.001,-0.007,0.005,no clear difference,0.9012,0.8705,0.7087,0.8998,0.8953,0.1925,0.1892,0.1957,better,0.0059,0.0016,0.0103,better,0.8454,0.7579,0.2871,0.8348,0.8214,0.5583,0.5482,0.5685,better,0.024,0.0217,0.0263,better
2,2,5,0.1579,0.5612,0.557,0.5713,0.5953,0.5298,-0.01,-0.0306,0.0106,no clear difference,0.0315,0.0198,0.0431,better,0.5331,0.5068,0.5151,0.58,0.4997,0.018,-0.0742,0.1102,no clear difference,0.0334,-0.032,0.0988,no clear difference,0.4997,0.5042,0.4997,0.4997,0.4997,-0.0,-0.0001,0.0001,no clear difference,0.0,0.0,0.0,no clear difference,0.7858,0.7119,0.6034,0.8437,0.784,0.1824,0.1706,0.1942,better,0.0018,-0.0067,0.0103,no clear difference,0.8979,0.8771,0.7087,0.8998,0.8928,0.1892,0.1871,0.1914,better,0.0052,0.0029,0.0074,better,0.8322,0.7792,0.2871,0.8348,0.8249,0.5451,0.5327,0.5576,better,0.0073,0.0032,0.0114,better
2,3,5,0.1953,0.5433,0.5433,0.5713,0.5953,0.4965,-0.028,-0.0381,-0.0178,worse,0.0468,0.0269,0.0667,better,0.5071,0.5071,0.5151,0.58,0.4001,-0.008,-0.043,0.027,no clear difference,0.107,-0.3226,0.5367,no clear difference,0.5088,0.5088,0.4997,0.4997,0.4997,0.0091,-0.0307,0.0489,no clear difference,0.0091,-0.0307,0.0489,no clear difference,0.6248,0.6248,0.6034,0.8437,0.2257,0.0215,0.0167,0.0262,better,0.3991,0.3899,0.4083,better,0.7141,0.7141,0.7087,0.8998,0.3139,0.0054,0.0001,0.0107,better,0.4002,0.3889,0.4115,better,0.3119,0.3119,0.2871,0.8348,-0.0001,0.0248,0.0149,0.0347,better,0.312,0.2911,0.333,better
3,1,5,0.1851,0.5806,0.5481,0.5676,0.5953,0.5665,0.0129,-0.0009,0.0268,no clear difference,0.0141,0.0106,0.0175,better,0.5626,0.5211,0.5238,0.58,0.5077,0.0388,-0.0887,0.1663,no clear difference,0.0549,0.0146,0.0952,better,0.4997,0.5049,0.4997,0.4997,0.4997,-0.0,-0.0001,0.0001,no clear difference,0.0,0.0,0.0,no clear difference,0.8369,0.7236,0.6426,0.8437,0.8364,0.1943,0.1853,0.2033,better,0.0005,-0.0067,0.0076,no clear difference,0.9018,0.8709,0.7131,0.8998,0.8953,0.1887,0.1849,0.1925,better,0.0065,0.0013,0.0117,better,0.8443,0.7575,0.2993,0.8348,0.8214,0.545,0.5369,0.553,better,0.0229,0.0188,0.027,better
3,2,5,0.172,0.5603,0.5509,0.5676,0.5953,0.5298,-0.0073,-0.0291,0.0145,no clear difference,0.0305,0.0074,0.0536,better,0.5213,0.513,0.5238,0.58,0.4997,-0.0025,-0.0772,0.0722,no clear difference,0.0216,-0.0179,0.0611,no clear difference,0.4997,0.4997,0.4997,0.4997,0.4997,-0.0,-0.0001,0.0001,no clear difference,0.0,0.0,0.0,no clear difference,0.7921,0.7277,0.6426,0.8437,0.784,0.1495,0.145,0.154,better,0.0081,0.0002,0.016,better,0.8978,0.877,0.7131,0.8998,0.8928,0.1847,0.1818,0.1876,better,0.005,0.0035,0.0065,better,0.8311,0.7805,0.2993,0.8348,0.8249,0.5318,0.5206,0.543,better,0.0062,0.003,0.0093,better
3,3,5,0.206,0.5509,0.5509,0.5676,0.5953,0.4965,-0.0167,-0.0381,0.0047,no clear difference,0.0544,0.0366,0.0723,better,0.5202,0.5202,0.5238,0.58,0.4001,-0.0036,-0.0541,0.0469,no clear difference,0.1201,-0.3297,0.57,no clear difference,0.5161,0.5161,0.4997,0.4997,0.4997,0.0164,-0.0278,0.0606,no clear difference,0.0164,-0.0278,0.0606,no clear difference,0.6675,0.6675,0.6426,0.8437,0.2257,0.0249,0.0207,0.0291,better,0.4418,0.4376,0.446,better,0.7236,0.7236,0.7131,0.8998,0.3139,0.0105,0.0059,0.0151,better,0.4096,0.4005,0.4187,better,0.3348,0.3348,0.2993,0.8348,-0.0001,0.0355,0.0266,0.0443,better,0.3349,0.3133,0.3565,better
4,1,5,0.1822,0.5738,0.5494,0.5701,0.5953,0.5665,0.0036,-0.0264,0.0336,no clear difference,0.0072,0.0034,0.0111,better,0.5419,0.5145,0.5238,0.58,0.5077,0.0182,-0.0639,0.1002,no clear difference,0.0342,0.0231,0.0454,better,0.4997,0.4997,0.4997,0.4997,0.4997,-0.0,-0.0001,0.0001,no clear difference,0.0,0.0,0.0,no clear difference,0.8363,0.7283,0.6487,0.8437,0.8364,0.1876,0.1725,0.2028,better,-0.0001,-0.0081,0.0078,no clear difference,0.9018,0.8698,0.7161,0.8998,0.8953,0.1857,0.1805,0.1909,better,0.0066,0.0031,0.0101,better,0.8444,0.7568,0.3083,0.8348,0.8214,0.5361,0.5283,0.5439,better,0.023,0.0199,0.0261,better
4,2,5,0.1694,0.5594,0.5513,0.5701,0.5953,0.5298,-0.0108,-0.0458,0.0243,no clear difference,0.0296,0.0165,0.0426,better,0.5196,0.521,0.5238,0.58,0.4997,-0.0042,-0.0772,0.0689,no clear difference,0.0199,-0.0159,0.0558,no clear difference,0.4997,0.4997,0.4997,0.4997,0.4997,-0.0,-0.0001,0.0001,no clear difference,0.0,0.0,0.0,no clear difference,0.7919,0.7294,0.6487,0.8437,0.784,0.1433,0.1329,0.1536,better,0.008,0.0001,0.0158,better,0.8969,0.877,0.7161,0.8998,0.8928,0.1808,0.1749,0.1866,better,0.0041,0.0006,0.0077,better,0.8307,0.7803,0.3083,0.8348,0.8249,0.5225,0.5128,0.5321,better,0.0058,0.0033,0.0084,better
4,3,5,0.2033,0.5507,0.5507,0.5701,0.5953,0.4965,-0.0195,-0.0329,-0.006,worse,0.0542,0.0338,0.0745,better,0.522,0.522,0.5238,0.58,0.4001,-0.0018,-0.0068,0.0032,no clear difference,0.1219,-0.2945,0.5383,no clear difference,0.4997,0.4997,0.4997,0.4997,0.4997,-0.0,-0.0001,0.0001,no clear difference,-0.0,-0.0001,0.0001,no clear difference,0.6736,0.6736,0.6487,0.8437,0.2257,0.0249,0.0165,0.0334,better,0.4479,0.4422,0.4536,better,0.7252,0.7252,0.7161,0.8998,0.3139,0.0091,0.0039,0.0142,better,0.4113,0.4043,0.4183,better,0.3379,0.3379,0.3083,0.8348,-0.0001,0.0296,0.0231,0.0362,better,0.338,0.3178,0.3582,better
5,1,5,0.1811,0.5808,0.5507,0.5921,0.5953,0.5665,-0.0113,-0.0467,0.0241,no clear difference,0.0143,0.0048,0.0238,better,0.5769,0.5265,0.545,0.58,0.5077,0.0319,-0.0922,0.156,no clear difference,0.0692,0.0156,0.1228,better,0.4997,0.4997,0.4997,0.4997,0.4997,-0.0,-0.0001,0.0001,no clear difference,0.0,0.0,0.0,no clear difference,0.8386,0.7324,0.6659,0.8437,0.8364,0.1727,0.1567,0.1886,better,0.0021,-0.0057,0.01,no clear difference,0.902,0.8701,0.7184,0.8998,0.8953,0.1837,0.1781,0.1893,better,0.0068,0.0039,0.0096,better,0.8446,0.7565,0.3177,0.8348,0.8214,0.527,0.5139,0.54,better,0.0232,0.0195,0.027,better
5,2,5,0.1674,0.558,0.5554,0.5921,0.5953,0.5298,-0.0341,-0.0657,-0.0024,worse,0.0282,0.0122,0.0442,better,0.5161,0.5222,0.545,0.58,0.4997,-0.0289,-0.0857,0.0279,no clear difference,0.0164,-0.0278,0.0606,no clear difference,0.4997,0.4997,0.4997,0.4997,0.4997,-0.0,-0.0001,0.0001,no clear difference,0.0,0.0,0.0,no clear difference,0.7954,0.7344,0.6659,0.8437,0.784,0.1296,0.117,0.1421,better,0.0115,0.0067,0.0163,better,0.8972,0.8771,0.7184,0.8998,0.8928,0.1788,0.1716,0.186,better,0.0044,0.0007,0.008,better,0.8307,0.7801,0.3177,0.8348,0.8249,0.5131,0.4982,0.528,better,0.0058,0.0007,0.011,better
5,3,5,0.2003,0.5578,0.5578,0.5921,0.5953,0.4965,-0.0343,-0.0471,-0.0216,worse,0.0613,0.0269,0.0956,better,0.5388,0.5388,0.545,0.58,0.4001,-0.0062,-0.0335,0.021,no clear difference,0.1387,-0.2602,0.5376,no clear difference,0.5084,0.5084,0.4997,0.4997,0.4997,0.0087,-0.0294,0.0468,no clear difference,0.0087,-0.0294,0.0468,no clear difference,0.6846,0.6846,0.6659,0.8437,0.2257,0.0187,0.0142,0.0232,better,0.4589,0.4502,0.4676,better,0.7263,0.7263,0.7184,0.8998,0.3139,0.0079,0.0028,0.0131,better,0.4124,0.4001,0.4247,better,0.3454,0.3454,0.3177,0.8348,-0.0001,0.0278,0.0182,0.0374,better,0.3456,0.3279,0.3633,better
6,1,5,0.1734,0.5784,0.5563,0.6267,0.5953,0.5665,-0.0483,-0.0829,-0.0136,worse,0.0119,-0.0051,0.0288,no clear difference,0.5709,0.5492,0.5284,0.58,0.5077,0.0425,-0.0637,0.1487,no clear difference,0.0632,0.0028,0.1235,better,0.4997,0.5092,0.5084,0.4997,0.4997,-0.0087,-0.0468,0.0293,no clear difference,-0.0,-0.0001,0.0001,no clear difference,0.8378,0.7303,0.6745,0.8437,0.8364,0.1633,0.1509,0.1758,better,0.0014,-0.0062,0.009,no clear difference,0.9021,0.87,0.7215,0.8998,0.8953,0.1806,0.1766,0.1845,better,0.0068,0.0017,0.0119,better,0.8455,0.7535,0.3248,0.8348,0.8214,0.5206,0.5064,0.5349,better,0.0241,0.0196,0.0285,better
6,2,5,0.1598,0.5661,0.5639,0.6267,0.5953,0.5298,-0.0606,-0.0936,-0.0276,worse,0.0363,0.01,0.0626,better,0.5288,0.53,0.5284,0.58,0.4997,0.0004,-0.0888,0.0897,no clear difference,0.0291,-0.0042,0.0625,no clear difference,0.4997,0.5094,0.5084,0.4997,0.4997,-0.0087,-0.0468,0.0294,no clear difference,0.0,0.0,0.0,no clear difference,0.7945,0.7348,0.6745,0.8437,0.784,0.12,0.1092,0.1307,better,0.0105,0.0051,0.0159,better,0.897,0.8774,0.7215,0.8998,0.8928,0.1755,0.1702,0.1807,better,0.0042,0.0016,0.0068,better,0.8305,0.7799,0.3248,0.8348,0.8249,0.5057,0.4882,0.5231,better,0.0056,-0.0001,0.0112,no clear difference
6,3,5,0.1933,0.5719,0.5719,0.6267,0.5953,0.4965,-0.0548,-0.0793,-0.0302,worse,0.0754,0.0513,0.0995,better,0.5219,0.5219,0.5284,0.58,0.4001,-0.0065,-0.0655,0.0526,no clear difference,0.1218,-0.2948,0.5385,no clear difference,0.5117,0.5117,0.5084,0.4997,0.4997,0.0033,-0.0566,0.0631,no clear difference,0.012,-0.0217,0.0456,no clear difference,0.6871,0.6871,0.6745,0.8437,0.2257,0.0126,0.004,0.0213,better,0.4614,0.4564,0.4664,better,0.727,0.727,0.7215,0.8998,0.3139,0.0055,0.0032,0.0077,better,0.4131,0.4054,0.4208,better,0.3457,0.3457,0.3248,0.8348,-0.0001,0.0209,0.0123,0.0294,better,0.3458,0.3318,0.3599,better
7,1,5,0.1685,0.5805,0.5673,0.6543,0.5953,0.5665,-0.0738,-0.1268,-0.0209,worse,0.0139,-0.0033,0.0312,no clear difference,0.5827,0.5219,0.558,0.58,0.5077,0.0247,-0.0886,0.1381,no clear difference,0.075,-0.002,0.152,no clear difference,0.4997,0.5068,0.5071,0.4997,0.4997,-0.0074,-0.04,0.0252,no clear difference,0.0,0.0,0.0,no clear difference,0.838,0.7354,0.6882,0.8437,0.8364,0.1498,0.1427,0.1568,better,0.0016,-0.005,0.0081,no clear difference,0.902,0.8693,0.7233,0.8998,0.8953,0.1787,0.1749,0.1825,better,0.0067,0.002,0.0115,better,0.8444,0.7529,0.3337,0.8348,0.8214,0.5106,0.498,0.5233,better,0.023,0.0205,0.0255,better
7,2,5,0.1543,0.5717,0.5704,0.6543,0.5953,0.5298,-0.0826,-0.128,-0.0372,worse,0.0419,0.0321,0.0517,better,0.5138,0.5279,0.558,0.58,0.4997,-0.0442,-0.1588,0.0704,no clear difference,0.0141,-0.0238,0.052,no clear difference,0.5048,0.5046,0.5071,0.4997,0.4997,-0.0023,-0.0463,0.0417,no clear difference,0.0051,-0.0173,0.0276,no clear difference,0.7936,0.738,0.6882,0.8437,0.784,0.1053,0.0982,0.1124,better,0.0096,0.0024,0.0167,better,0.8965,0.8762,0.7233,0.8998,0.8928,0.1732,0.1691,0.1774,better,0.0037,0.0017,0.0058,better,0.8294,0.7777,0.3337,0.8348,0.8249,0.4957,0.4811,0.5102,better,0.0045,0.0002,0.0088,better
7,3,5,0.187,0.5832,0.5832,0.6543,0.5953,0.4965,-0.0711,-0.0951,-0.0471,worse,0.0867,0.061,0.1124,better,0.5486,0.5486,0.558,0.58,0.4001,-0.0094,-0.0605,0.0417,no clear difference,0.1485,-0.2713,0.5683,no clear difference,0.5183,0.5183,0.5071,0.4997,0.4997,0.0112,-0.0246,0.047,no clear difference,0.0186,-0.0159,0.0531,no clear difference,0.6928,0.6928,0.6882,0.8437,0.2257,0.0045,-0.0023,0.0114,no clear difference,0.4671,0.4581,0.476,better,0.7283,0.7283,0.7233,0.8998,0.3139,0.005,-0.001,0.011,no clear difference,0.4144,0.4095,0.4192,better,0.3485,0.3485,0.3337,0.8348,-0.0001,0.0148,0.0077,0.0218,better,0.3487,0.3289,0.3684,better
8,1,5,0.1846,0.5791,0.5621,0.6582,0.5953,0.5665,-0.0791,-0.1295,-0.0288,worse,0.0126,-0.0041,0.0293,no clear difference,0.5765,0.5209,0.5564,0.58,0.5077,0.0201,-0.0678,0.1079,no clear difference,0.0688,0.0469,0.0907,better,0.4997,0.4997,0.5042,0.4997,0.4997,-0.0046,-0.0244,0.0153,no clear difference,0.0,0.0,0.0,no clear difference,0.8388,0.75,0.7182,0.8437,0.8364,0.1206,0.1092,0.132,better,0.0024,-0.0037,0.0085,no clear difference,0.9015,0.8685,0.7294,0.8998,0.8953,0.1721,0.169,0.1751,better,0.0062,0.0019,0.0105,better,0.8435,0.7555,0.3515,0.8348,0.8214,0.492,0.4807,0.5032,better,0.0221,0.0162,0.0279,better
8,2,5,0.1662,0.5731,0.5724,0.6582,0.5953,0.5298,-0.0851,-0.1242,-0.0461,worse,0.0433,0.0277,0.059,better,0.5204,0.5068,0.5564,0.58,0.4997,-0.036,-0.1727,0.1006,no clear difference,0.0207,-0.0169,0.0584,no clear difference,0.4997,0.5092,0.5042,0.4997,0.4997,-0.0046,-0.0244,0.0153,no clear difference,0.0,0.0,0.0,no clear difference,0.8008,0.7505,0.7182,0.8437,0.784,0.0825,0.0753,0.0898,better,0.0168,0.0096,0.0239,better,0.8965,0.8767,0.7294,0.8998,0.8928,0.1671,0.1639,0.1704,better,0.0037,0.0023,0.0052,better,0.829,0.7793,0.3515,0.8348,0.8249,0.4775,0.4658,0.4893,better,0.0041,-0.001,0.0092,no clear difference
8,3,5,0.1965,0.5919,0.5919,0.6582,0.5953,0.4965,-0.0664,-0.0956,-0.0371,worse,0.0954,0.0575,0.1333,better,0.5632,0.5632,0.5564,0.58,0.4001,0.0068,-0.0696,0.0832,no clear difference,0.1631,-0.2706,0.5969,no clear difference,0.513,0.513,0.5042,0.4997,0.4997,0.0088,-0.0273,0.0449,no clear difference,0.0133,-0.0243,0.051,no clear difference,0.7229,0.7229,0.7182,0.8437,0.2257,0.0047,-0.0014,0.0107,no clear difference,0.4972,0.4907,0.5037,better,0.7335,0.7335,0.7294,0.8998,0.3139,0.0041,-0.0004,0.0086,no clear difference,0.4196,0.4127,0.4265,better,0.3721,0.3721,0.3515,0.8348,-0.0001,0.0206,0.0167,0.0246,better,0.3723,0.3585,0.3861,better
9,1,5,0.2011,0.5807,0.5683,0.6563,0.5953,0.5665,-0.0756,-0.1084,-0.0428,worse,0.0142,0.0037,0.0247,better,0.5819,0.5217,0.5778,0.58,0.5077,0.0041,-0.0797,0.0879,no clear difference,0.0742,0.0174,0.1309,better,0.4997,0.5084,0.5297,0.4997,0.4997,-0.03,-0.0887,0.0287,no clear difference,0.0,0.0,0.0,no clear difference,0.8399,0.7593,0.7428,0.8437,0.8364,0.0971,0.0891,0.1051,better,0.0034,-0.0026,0.0094,no clear difference,0.901,0.8674,0.7402,0.8998,0.8953,0.1608,0.1568,0.1647,better,0.0057,0.0022,0.0092,better,0.844,0.7533,0.373,0.8348,0.8214,0.471,0.4665,0.4754,better,0.0226,0.0179,0.0273,better
9,2,5,0.1792,0.5723,0.572,0.6563,0.5953,0.5298,-0.084,-0.1205,-0.0476,worse,0.0425,0.0229,0.0621,better,0.5439,0.514,0.5778,0.58,0.4997,-0.0339,-0.2141,0.1463,no clear difference,0.0442,-0.0189,0.1073,no clear difference,0.4997,0.5125,0.5297,0.4997,0.4997,-0.03,-0.0887,0.0287,no clear difference,0.0,0.0,0.0,no clear difference,0.8049,0.7608,0.7428,0.8437,0.784,0.0621,0.0556,0.0686,better,0.0209,0.0117,0.0301,better,0.8972,0.8763,0.7402,0.8998,0.8928,0.157,0.1541,0.16,better,0.0045,0.0018,0.0071,better,0.8296,0.7784,0.373,0.8348,0.8249,0.4566,0.4481,0.465,better,0.0047,-0.0003,0.0097,no clear difference
9,3,5,0.2078,0.5932,0.5932,0.6563,0.5953,0.4965,-0.0631,-0.0975,-0.0287,worse,0.0967,0.06,0.1334,better,0.5668,0.5668,0.5778,0.58,0.4001,-0.011,-0.0983,0.0763,no clear difference,0.1667,-0.2397,0.573,no clear difference,0.5321,0.5321,0.5297,0.4997,0.4997,0.0024,-0.0855,0.0903,no clear difference,0.0324,-0.032,0.0968,no clear difference,0.7391,0.7391,0.7428,0.8437,0.2257,-0.0037,-0.011,0.0036,no clear difference,0.5134,0.5086,0.5182,better,0.7441,0.7441,0.7402,0.8998,0.3139,0.0039,-0.0009,0.0086,no clear difference,0.4301,0.4256,0.4347,better,0.3937,0.3937,0.373,0.8348,-0.0001,0.0207,0.011,0.0304,better,0.3939,0.3844,0.4033,better
10,1,5,0.2164,0.5835,0.5629,0.664,0.5953,0.5665,-0.0805,-0.1259,-0.035,worse,0.017,0.0074,0.0266,better,0.5652,0.5283,0.5927,0.58,0.5077,-0.0276,-0.1551,0.0999,no clear difference,0.0575,0.0102,0.1047,better,0.4997,0.4997,0.5047,0.4997,0.4997,-0.005,-0.0269,0.0169,no clear difference,0.0,0.0,0.0,no clear difference,0.8406,0.7681,0.7415,0.8437,0.8364,0.0992,0.0897,0.1087,better,0.0042,-0.001,0.0094,no clear difference,0.901,0.8687,0.7456,0.8998,0.8953,0.1554,0.1534,0.1574,better,0.0058,0.0014,0.0101,better,0.8436,0.7542,0.3872,0.8348,0.8214,0.4564,0.4515,0.4613,better,0.0222,0.0182,0.0262,better
10,2,5,0.1932,0.5741,0.5735,0.664,0.5953,0.5298,-0.0899,-0.1314,-0.0485,worse,0.0443,0.0337,0.0549,better,0.5337,0.528,0.5927,0.58,0.4997,-0.0591,-0.2128,0.0946,no clear difference,0.034,-0.0351,0.103,no clear difference,0.5049,0.4997,0.5047,0.4997,0.4997,0.0002,-0.0009,0.0014,no clear difference,0.0053,-0.0178,0.0283,no clear difference,0.8078,0.7678,0.7415,0.8437,0.784,0.0663,0.0611,0.0716,better,0.0238,0.0166,0.0311,better,0.8971,0.876,0.7456,0.8998,0.8928,0.1515,0.1483,0.1546,better,0.0043,0.0021,0.0065,better,0.8306,0.778,0.3872,0.8348,0.8249,0.4434,0.4373,0.4496,better,0.0057,0.0009,0.0105,better
10,3,5,0.2224,0.5989,0.5989,0.664,0.5953,0.4965,-0.0651,-0.0932,-0.0371,worse,0.1024,0.0636,0.1411,better,0.5682,0.5682,0.5927,0.58,0.4001,-0.0245,-0.1,0.0511,no clear difference,0.1682,-0.227,0.5633,no clear difference,0.5178,0.5178,0.5047,0.4997,0.4997,0.0131,-0.0242,0.0504,no clear difference,0.0181,-0.0307,0.0669,no clear difference,0.7504,0.7504,0.7415,0.8437,0.2257,0.0089,0.0039,0.0139,better,0.5247,0.5148,0.5346,better,0.7518,0.7518,0.7456,0.8998,0.3139,0.0062,0.0043,0.008,better,0.4378,0.4285,0.4472,better,0.4172,0.4172,0.3872,0.8348,-0.0001,0.03,0.0242,0.0359,better,0.4173,0.4034,0.4312,better
11,1,5,0.252,0.5835,0.5609,0.6504,0.5953,0.5665,-0.0669,-0.0805,-0.0533,worse,0.017,0.0078,0.0262,better,0.5667,0.5282,0.5988,0.58,0.5077,-0.0321,-0.1759,0.1118,no clear difference,0.059,0.0318,0.0862,better,0.4997,0.5046,0.4997,0.4997,0.4997,0.0,-0.0001,0.0001,no clear difference,0.0,0.0,0.0,no clear difference,0.84,0.7795,0.7485,0.8437,0.8364,0.0915,0.0838,0.0991,better,0.0035,-0.0013,0.0084,no clear difference,0.9011,0.8698,0.7616,0.8998,0.8953,0.1395,0.1353,0.1437,better,0.0058,0.0018,0.0099,better,0.8432,0.7553,0.4289,0.8348,0.8214,0.4143,0.4037,0.425,better,0.0218,0.0176,0.026,better
11,2,5,0.2237,0.5741,0.5701,0.6504,0.5953,0.5298,-0.0763,-0.0941,-0.0585,worse,0.0443,0.0217,0.0669,better,0.5401,0.5349,0.5988,0.58,0.4997,-0.0586,-0.2724,0.1552,no clear difference,0.0405,-0.0536,0.1346,no clear difference,0.5048,0.4997,0.4997,0.4997,0.4997,0.0051,-0.0172,0.0274,no clear difference,0.0051,-0.0173,0.0276,no clear difference,0.8117,0.7787,0.7485,0.8437,0.784,0.0632,0.058,0.0683,better,0.0277,0.0208,0.0346,better,0.897,0.8775,0.7616,0.8998,0.8928,0.1355,0.1287,0.1423,better,0.0043,0.0001,0.0084,better,0.8302,0.7804,0.4289,0.8348,0.8249,0.4013,0.3912,0.4114,better,0.0053,0.0028,0.0078,better
11,3,5,0.2523,0.6073,0.6073,0.6504,0.5953,0.4965,-0.043,-0.0619,-0.0241,worse,0.1108,0.0871,0.1345,better,0.6213,0.6213,0.5988,0.58,0.4001,0.0225,-0.0365,0.0815,no clear difference,0.2212,-0.1291,0.5715,no clear difference,0.5253,0.5253,0.4997,0.4997,0.4997,0.0257,-0.0205,0.0718,no clear difference,0.0256,-0.0205,0.0718,no clear difference,0.7638,0.7638,0.7485,0.8437,0.2257,0.0153,0.0097,0.0209,better,0.5381,0.5285,0.5476,better,0.7692,0.7692,0.7616,0.8998,0.3139,0.0076,0.0026,0.0126,better,0.4553,0.4427,0.4678,better,0.4617,0.4617,0.4289,0.8348,-0.0001,0.0328,0.0268,0.0388,better,0.4618,0.4479,0.4758,better
12,1,5,0.257,0.5808,0.5575,0.6434,0.5953,0.5665,-0.0626,-0.1002,-0.025,worse,0.0143,-0.0023,0.0308,no clear difference,0.5818,0.5296,0.5757,0.58,0.5077,0.0061,-0.1664,0.1786,no clear difference,0.0741,-0.0377,0.1859,no clear difference,0.4997,0.4997,0.5097,0.4997,0.4997,-0.01,-0.0538,0.0338,no clear difference,0.0,0.0,0.0,no clear difference,0.8397,0.7768,0.7419,0.8437,0.8364,0.0978,0.0881,0.1075,better,0.0032,-0.0021,0.0085,no clear difference,0.9008,0.8705,0.7644,0.8998,0.8953,0.1364,0.1312,0.1416,better,0.0055,0.0008,0.0102,better,0.8439,0.7565,0.4407,0.8348,0.8214,0.4032,0.3952,0.4112,better,0.0225,0.0173,0.0276,better
12,2,5,0.2288,0.5761,0.5697,0.6434,0.5953,0.5298,-0.0673,-0.0989,-0.0357,worse,0.0463,0.0259,0.0667,better,0.5431,0.5453,0.5757,0.58,0.4997,-0.0326,-0.2145,0.1493,no clear difference,0.0434,-0.0241,0.111,no clear difference,0.4997,0.5042,0.5097,0.4997,0.4997,-0.01,-0.0538,0.0338,no clear difference,0.0,0.0,0.0,no clear difference,0.8117,0.7755,0.7419,0.8437,0.784,0.0698,0.0636,0.076,better,0.0277,0.0208,0.0346,better,0.896,0.8786,0.7644,0.8998,0.8928,0.1316,0.1262,0.1371,better,0.0033,-0.0,0.0065,no clear difference,0.832,0.7816,0.4407,0.8348,0.8249,0.3913,0.3828,0.3998,better,0.0071,0.0052,0.009,better
12,3,5,0.2573,0.6019,0.6019,0.6434,0.5953,0.4965,-0.0415,-0.0719,-0.0111,worse,0.1054,0.0816,0.1292,better,0.5881,0.5881,0.5757,0.58,0.4001,0.0124,-0.1147,0.1396,no clear difference,0.188,-0.2476,0.6236,no clear difference,0.5046,0.5046,0.5097,0.4997,0.4997,-0.0051,-0.0276,0.0173,no clear difference,0.0049,-0.0165,0.0263,no clear difference,0.7642,0.7642,0.7419,0.8437,0.2257,0.0224,0.0166,0.0281,better,0.5385,0.5317,0.5454,better,0.7722,0.7722,0.7644,0.8998,0.3139,0.0078,0.0003,0.0153,better,0.4583,0.4465,0.47,better,0.4708,0.4708,0.4407,0.8348,-0.0001,0.0301,0.0208,0.0394,better,0.4709,0.4519,0.49,better
