repeat,donor_layer,inject_layer,connector_r2_heldout,n_eval_residues,binding_site_stitched,binding_site_stitched_rand,binding_site_donor,binding_site_native,binding_site_blank,active_site_stitched,active_site_stitched_rand,active_site_donor,active_site_native,active_site_blank,ptm_site_stitched,ptm_site_stitched_rand,ptm_site_donor,ptm_site_native,ptm_site_blank,ss3_stitched,ss3_stitched_rand,ss3_donor,ss3_native,ss3_blank,burial_stitched,burial_stitched_rand,burial_donor,burial_native,burial_blank,rsa_stitched,rsa_stitched_rand,rsa_donor,rsa_native,rsa_blank
0,0,1,0.0725,69915,0.5564,0.5393,0.383,0.5784,0.5537,0.5687,0.4997,0.4152,0.6247,0.5398,0.4998,0.4997,0.4471,0.4998,0.4998,0.8342,0.6793,0.3325,0.8431,0.8366,0.8991,0.8813,0.6629,0.8971,0.8944,0.8429,0.7848,0.1561,0.8286,0.8163
0,0,2,0.09,69915,0.5367,0.5355,0.383,0.5784,0.5266,0.4997,0.4997,0.4152,0.6247,0.4997,0.4998,0.4998,0.4471,0.4998,0.4998,0.7846,0.6837,0.3325,0.8431,0.7812,0.8972,0.8805,0.6629,0.8971,0.8901,0.8336,0.7936,0.1561,0.8286,0.8187
0,0,3,0.1314,69915,0.383,0.383,0.383,0.5784,0.4968,0.4152,0.4152,0.4152,0.6247,0.4997,0.4471,0.4471,0.4471,0.4998,0.4998,0.3325,0.3325,0.3325,0.8431,0.2273,0.6629,0.6629,0.6629,0.8971,0.3133,0.1561,0.1561,0.1561,0.8286,-0.0
0,1,1,0.1105,69915,0.5727,0.5509,0.5948,0.5784,0.5537,0.6331,0.5767,0.4997,0.6247,0.5398,0.4998,0.4998,0.6069,0.4998,0.4998,0.8327,0.6744,0.5498,0.8431,0.8366,0.8987,0.8709,0.6966,0.8971,0.8944,0.8402,0.7535,0.2513,0.8286,0.8163
0,1,2,0.1154,69915,0.5468,0.5475,0.5948,0.5784,0.5266,0.5398,0.4997,0.4997,0.6247,0.4997,0.4998,0.4998,0.6069,0.4998,0.4998,0.7766,0.6833,0.5498,0.8431,0.7812,0.8958,0.8755,0.6966,0.8971,0.8901,0.827,0.7782,0.2513,0.8286,0.8187
0,1,3,0.1558,69915,0.5477,0.5477,0.5948,0.5784,0.4968,0.4997,0.4997,0.4997,0.6247,0.4997,0.5398,0.5398,0.6069,0.4998,0.4998,0.5305,0.5305,0.5498,0.8431,0.2273,0.6945,0.6945,0.6966,0.8971,0.3133,0.2482,0.2482,0.2513,0.8286,-0.0
0,2,1,0.1616,69915,0.5761,0.5478,0.5593,0.5784,0.5537,0.6209,0.4997,0.4997,0.6247,0.5398,0.4998,0.4997,0.4998,0.4998,0.4998,0.835,0.6971,0.6,0.8431,0.8366,0.8993,0.8685,0.705,0.8971,0.8944,0.8394,0.7462,0.2759,0.8286,0.8163
0,2,2,0.1556,69915,0.5564,0.5514,0.5593,0.5784,0.5266,0.5738,0.4997,0.4997,0.6247,0.4997,0.4998,0.4998,0.4998,0.4998,0.4998,0.7885,0.7101,0.6,0.8431,0.7812,0.8955,0.8743,0.705,0.8971,0.8901,0.8289,0.7745,0.2759,0.8286,0.8187
0,2,3,0.1921,69915,0.5397,0.5397,0.5593,0.5784,0.4968,0.4997,0.4997,0.4997,0.6247,0.4997,0.5452,0.5452,0.4998,0.4998,0.4998,0.6194,0.6194,0.6,0.8431,0.2273,0.7087,0.7087,0.705,0.8971,0.3133,0.2987,0.2987,0.2759,0.8286,-0.0
0,3,1,0.1817,69915,0.5695,0.5416,0.5525,0.5784,0.5537,0.6247,0.4997,0.4997,0.6247,0.5398,0.4998,0.4998,0.4998,0.4998,0.4998,0.8351,0.7244,0.6442,0.8431,0.8366,0.8972,0.8707,0.7102,0.8971,0.8944,0.8365,0.7484,0.2881,0.8286,0.8163
0,3,2,0.17,69915,0.5475,0.5569,0.5525,0.5784,0.5266,0.5398,0.4997,0.4997,0.6247,0.4997,0.4998,0.4998,0.4998,0.4998,0.4998,0.7918,0.7264,0.6442,0.8431,0.7812,0.894,0.8756,0.7102,0.8971,0.8901,0.8261,0.7732,0.2881,0.8286,0.8187
0,3,3,0.203,69915,0.5542,0.5542,0.5525,0.5784,0.4968,0.4997,0.4997,0.4997,0.6247,0.4997,0.4998,0.4998,0.4998,0.4998,0.4998,0.667,0.667,0.6442,0.8431,0.2273,0.7205,0.7205,0.7102,0.8971,0.3133,0.3203,0.3203,0.2881,0.8286,-0.0
0,4,1,0.1785,69915,0.5608,0.5334,0.5737,0.5784,0.5537,0.5712,0.4997,0.4997,0.6247,0.5398,0.4998,0.4998,0.4998,0.4998,0.4998,0.8331,0.7255,0.6468,0.8431,0.8366,0.8983,0.8675,0.7125,0.8971,0.8944,0.8376,0.7442,0.2967,0.8286,0.8163
0,4,2,0.1667,69915,0.5525,0.5444,0.5737,0.5784,0.5266,0.4997,0.4997,0.4997,0.6247,0.4997,0.4998,0.4998,0.4998,0.4998,0.4998,0.7933,0.7278,0.6468,0.8431,0.7812,0.8938,0.8757,0.7125,0.8971,0.8901,0.8245,0.7743,0.2967,0.8286,0.8187
0,4,3,0.1999,69915,0.551,0.551,0.5737,0.5784,0.4968,0.4997,0.4997,0.4997,0.6247,0.4997,0.4998,0.4998,0.4998,0.4998,0.4998,0.6752,0.6752,0.6468,0.8431,0.2273,0.7211,0.7211,0.7125,0.8971,0.3133,0.3239,0.3239,0.2967,0.8286,-0.0
0,5,1,0.1782,69915,0.5748,0.5374,0.5881,0.5784,0.5537,0.5935,0.4997,0.5382,0.6247,0.5398,0.4998,0.4997,0.4998,0.4998,0.4998,0.8359,0.732,0.6721,0.8431,0.8366,0.8997,0.8679,0.7177,0.8971,0.8944,0.8378,0.746,0.3112,0.8286,0.8163
0,5,2,0.1657,69915,0.5475,0.5442,0.5881,0.5784,0.5266,0.4997,0.4997,0.5382,0.6247,0.4997,0.4998,0.4997,0.4998,0.4998,0.4998,0.7948,0.7319,0.6721,0.8431,0.7812,0.8956,0.8739,0.7177,0.8971,0.8901,0.8256,0.7742,0.3112,0.8286,0.8187
0,5,3,0.1975,69915,0.5625,0.5625,0.5881,0.5784,0.4968,0.5382,0.5382,0.5382,0.6247,0.4997,0.4998,0.4998,0.4998,0.4998,0.4998,0.6872,0.6872,0.6721,0.8431,0.2273,0.721,0.721,0.7177,0.8971,0.3133,0.3331,0.3331,0.3112,0.8286,-0.0
0,6,1,0.17,69915,0.5779,0.5598,0.6207,0.5784,0.5537,0.6247,0.5398,0.4997,0.6247,0.5398,0.4997,0.4998,0.4998,0.4998,0.4998,0.8363,0.7321,0.6815,0.8431,0.8366,0.8987,0.8669,0.7201,0.8971,0.8944,0.8392,0.7436,0.3112,0.8286,0.8163
0,6,2,0.1576,69915,0.5565,0.5593,0.6207,0.5784,0.5266,0.5398,0.5398,0.4997,0.6247,0.4997,0.4998,0.4998,0.4998,0.4998,0.4998,0.793,0.7318,0.6815,0.8431,0.7812,0.8941,0.8769,0.7201,0.8971,0.8901,0.8273,0.7748,0.3112,0.8286,0.8187
0,6,3,0.1902,69915,0.5756,0.5756,0.6207,0.5784,0.4968,0.5368,0.5368,0.4997,0.6247,0.4997,0.4998,0.4998,0.4998,0.4998,0.4998,0.6871,0.6871,0.6815,0.8431,0.2273,0.7274,0.7274,0.7201,0.8971,0.3133,0.3379,0.3379,0.3112,0.8286,-0.0
0,7,1,0.1662,69915,0.5733,0.5548,0.6623,0.5784,0.5537,0.656,0.4997,0.6069,0.6247,0.5398,0.4998,0.4998,0.4998,0.4998,0.4998,0.8352,0.7314,0.6911,0.8431,0.8366,0.898,0.8665,0.7213,0.8971,0.8944,0.8384,0.7438,0.3236,0.8286,0.8163
0,7,2,0.1532,69915,0.5695,0.5669,0.6623,0.5784,0.5266,0.5368,0.5398,0.6069,0.6247,0.4997,0.4998,0.4998,0.4998,0.4998,0.4998,0.7909,0.7367,0.6911,0.8431,0.7812,0.8944,0.8765,0.7213,0.8971,0.8901,0.8237,0.7709,0.3236,0.8286,0.8187
0,7,3,0.1849,69915,0.5816,0.5816,0.6623,0.5784,0.4968,0.5712,0.5712,0.6069,0.6247,0.4997,0.4998,0.4998,0.4998,0.4998,0.4998,0.6971,0.6971,0.6911,0.8431,0.2273,0.7247,0.7247,0.7213,0.8971,0.3133,0.3398,0.3398,0.3236,0.8286,-0.0
0,8,1,0.1822,69915,0.5606,0.5556,0.6839,0.5784,0.5537,0.6247,0.4997,0.5965,0.6247,0.5398,0.4998,0.4998,0.4998,0.4998,0.4998,0.8364,0.7478,0.7248,0.8431,0.8366,0.8994,0.8671,0.729,0.8971,0.8944,0.8368,0.7459,0.3427,0.8286,0.8163
0,8,2,0.1649,69915,0.5637,0.5683,0.6839,0.5784,0.5266,0.4997,0.4997,0.5965,0.6247,0.4997,0.4998,0.4998,0.4998,0.4998,0.4998,0.8018,0.7526,0.7248,0.8431,0.7812,0.8941,0.8771,0.729,0.8971,0.8901,0.8221,0.7762,0.3427,0.8286,0.8187
0,8,3,0.1947,69915,0.6018,0.6018,0.6839,0.5784,0.4968,0.5687,0.5687,0.5965,0.6247,0.4997,0.4998,0.4998,0.4998,0.4998,0.4998,0.725,0.725,0.7248,0.8431,0.2273,0.7315,0.7315,0.729,0.8971,0.3133,0.3631,0.3631,0.3427,0.8286,-0.0
0,9,1,0.1989,69915,0.5761,0.5711,0.6658,0.5784,0.5537,0.6468,0.5382,0.6816,0.6247,0.5398,0.4998,0.4997,0.4998,0.4998,0.4998,0.8398,0.7579,0.7493,0.8431,0.8366,0.8989,0.8639,0.7379,0.8971,0.8944,0.8368,0.7425,0.3661,0.8286,0.8163
0,9,2,0.1784,69915,0.5669,0.5801,0.6658,0.5784,0.5266,0.4997,0.4997,0.6816,0.6247,0.4997,0.4998,0.4998,0.4998,0.4998,0.4998,0.8077,0.7605,0.7493,0.8431,0.7812,0.8954,0.8756,0.7379,0.8971,0.8901,0.8244,0.7751,0.3661,0.8286,0.8187
0,9,3,0.2065,69915,0.6072,0.6072,0.6658,0.5784,0.4968,0.6288,0.6288,0.6816,0.6247,0.4997,0.4998,0.4998,0.4998,0.4998,0.4998,0.7394,0.7394,0.7493,0.8431,0.2273,0.7419,0.7419,0.7379,0.8971,0.3133,0.3857,0.3857,0.3661,0.8286,-0.0
0,10,1,0.2145,69915,0.5711,0.5612,0.6914,0.5784,0.5537,0.6288,0.5382,0.6873,0.6247,0.5398,0.4998,0.4998,0.4998,0.4998,0.4998,0.8382,0.7687,0.7438,0.8431,0.8366,0.8977,0.8671,0.7425,0.8971,0.8944,0.8374,0.7427,0.3782,0.8286,0.8163
0,10,2,0.1922,69915,0.5657,0.5714,0.6914,0.5784,0.5266,0.4997,0.6069,0.6873,0.6247,0.4997,0.4998,0.4998,0.4998,0.4998,0.4998,0.8074,0.7676,0.7438,0.8431,0.7812,0.8937,0.8756,0.7425,0.8971,0.8901,0.8263,0.7752,0.3782,0.8286,0.8187
0,10,3,0.2208,69915,0.6081,0.6081,0.6914,0.5784,0.4968,0.6209,0.6209,0.6873,0.6247,0.4997,0.4998,0.4998,0.4998,0.4998,0.4998,0.755,0.755,0.7438,0.8431,0.2273,0.7474,0.7474,0.7425,0.8971,0.3133,0.4068,0.4068,0.3782,0.8286,-0.0
0,11,1,0.2502,69915,0.5788,0.5531,0.6449,0.5784,0.5537,0.5997,0.5354,0.7351,0.6247,0.5398,0.4998,0.4998,0.4998,0.4998,0.4998,0.8386,0.7779,0.7538,0.8431,0.8366,0.8976,0.8666,0.7592,0.8971,0.8944,0.8388,0.7456,0.4204,0.8286,0.8163
0,11,2,0.2228,69915,0.5698,0.5656,0.6449,0.5784,0.5266,0.4997,0.5664,0.7351,0.6247,0.4997,0.4998,0.4998,0.4998,0.4998,0.4998,0.8126,0.7821,0.7538,0.8431,0.7812,0.8911,0.8742,0.7592,0.8971,0.8901,0.8243,0.7734,0.4204,0.8286,0.8187
0,11,3,0.251,69915,0.6116,0.6116,0.6449,0.5784,0.4968,0.7186,0.7186,0.7351,0.6247,0.4997,0.4998,0.4998,0.4998,0.4998,0.4998,0.7669,0.7669,0.7538,0.8431,0.2273,0.7648,0.7648,0.7592,0.8971,0.3133,0.4526,0.4526,0.4204,0.8286,-0.0
0,12,1,0.2542,69915,0.5695,0.553,0.6304,0.5784,0.5537,0.6513,0.5368,0.6611,0.6247,0.5398,0.4998,0.4998,0.4998,0.4998,0.4998,0.8391,0.7775,0.748,0.8431,0.8366,0.898,0.8671,0.763,0.8971,0.8944,0.8368,0.7468,0.4298,0.8286,0.8163
0,12,2,0.2269,69915,0.5679,0.5635,0.6304,0.5784,0.5266,0.4997,0.5382,0.6611,0.6247,0.4997,0.4998,0.4998,0.4998,0.4998,0.4998,0.8133,0.7763,0.748,0.8431,0.7812,0.8956,0.8788,0.763,0.8971,0.8901,0.8262,0.7775,0.4298,0.8286,0.8187
0,12,3,0.2553,69915,0.6074,0.6074,0.6304,0.5784,0.4968,0.6331,0.6331,0.6611,0.6247,0.4997,0.4998,0.4998,0.4998,0.4998,0.4998,0.7671,0.7671,0.748,0.8431,0.2273,0.7675,0.7675,0.763,0.8971,0.3133,0.458,0.458,0.4298,0.8286,-0.0
1,0,1,0.0745,68611,0.5507,0.5339,0.3378,0.571,0.5547,0.5397,0.5603,0.4073,0.5642,0.4997,0.4996,0.4996,0.4341,0.4996,0.4996,0.8383,0.6859,0.3233,0.8465,0.8393,0.9049,0.8812,0.6647,0.9006,0.8964,0.847,0.779,0.1717,0.8331,0.8189
1,0,2,0.0921,68611,0.5457,0.5411,0.3378,0.571,0.525,0.5397,0.4997,0.4073,0.5642,0.4997,0.4996,0.4996,0.4341,0.4996,0.4996,0.7813,0.6992,0.3233,0.8465,0.7866,0.899,0.8785,0.6647,0.9006,0.8931,0.8337,0.7823,0.1717,0.8331,0.8209
1,0,3,0.1346,68611,0.3379,0.3379,0.3378,0.571,0.4964,0.4073,0.4073,0.4073,0.5642,0.4997,0.4341,0.4341,0.4341,0.4996,0.4997,0.3233,0.3233,0.3233,0.8465,0.2261,0.6647,0.6647,0.6647,0.9006,0.3135,0.1717,0.1717,0.1717,0.8331,-0.0
1,1,1,0.1108,68611,0.5547,0.5508,0.5861,0.571,0.5547,0.5382,0.5354,0.5585,0.5642,0.4997,0.4996,0.4996,0.533,0.4996,0.4996,0.8384,0.6732,0.5372,0.8465,0.8393,0.9018,0.8711,0.6991,0.9006,0.8964,0.8435,0.7502,0.2533,0.8331,0.8189
1,1,2,0.1157,68611,0.5389,0.545,0.5861,0.571,0.525,0.5397,0.4997,0.5585,0.5642,0.4997,0.4996,0.4996,0.533,0.4996,0.4996,0.7769,0.6965,0.5372,0.8465,0.7866,0.8983,0.8755,0.6991,0.9006,0.8931,0.8288,0.7714,0.2533,0.8331,0.8209
1,1,3,0.1581,68611,0.5329,0.5329,0.5861,0.571,0.4964,0.5537,0.5537,0.5585,0.5642,0.4997,0.4997,0.4997,0.533,0.4996,0.4997,0.5187,0.5187,0.5372,0.8465,0.2261,0.6987,0.6987,0.6991,0.9006,0.3135,0.2573,0.2573,0.2533,0.8331,-0.0
1,2,1,0.1649,68611,0.5658,0.541,0.5674,0.571,0.5547,0.4997,0.5767,0.5767,0.5642,0.4997,0.4996,0.4996,0.4997,0.4996,0.4996,0.8392,0.7029,0.603,0.8465,0.8393,0.8998,0.8687,0.708,0.9006,0.8964,0.8442,0.7492,0.2847,0.8331,0.8189
1,2,2,0.1567,68611,0.548,0.5448,0.5674,0.571,0.525,0.5354,0.5354,0.5767,0.5642,0.4997,0.4996,0.4996,0.4997,0.4996,0.4996,0.7876,0.7183,0.603,0.8465,0.7866,0.8976,0.8747,0.708,0.9006,0.8931,0.8292,0.7669,0.2847,0.8331,0.8209
1,2,3,0.1944,68611,0.5351,0.5351,0.5674,0.571,0.4964,0.5368,0.5368,0.5767,0.5642,0.4997,0.4997,0.4997,0.4997,0.4996,0.4997,0.6261,0.6261,0.603,0.8465,0.2261,0.7098,0.7098,0.708,0.9006,0.3135,0.3032,0.3032,0.2847,0.8331,-0.0
1,3,1,0.1852,68611,0.5662,0.5353,0.5583,0.571,0.5547,0.5342,0.6069,0.5767,0.5642,0.4997,0.4996,0.4996,0.4997,0.4996,0.4996,0.8418,0.7244,0.6434,0.8465,0.8393,0.9012,0.8692,0.7143,0.9006,0.8964,0.8436,0.7484,0.2991,0.8331,0.8189
1,3,2,0.1712,68611,0.5408,0.5341,0.5583,0.571,0.525,0.5382,0.5664,0.5767,0.5642,0.4997,0.4996,0.4996,0.4997,0.4996,0.4996,0.7962,0.7351,0.6434,0.8465,0.7866,0.8988,0.8748,0.7143,0.9006,0.8931,0.8282,0.7688,0.2991,0.8331,0.8209
1,3,3,0.2054,68611,0.5423,0.5423,0.5583,0.571,0.4964,0.5738,0.5738,0.5767,0.5642,0.4997,0.5382,0.5382,0.4997,0.4996,0.4997,0.6675,0.6675,0.6434,0.8465,0.2261,0.722,0.722,0.7143,0.9006,0.3135,0.3288,0.3288,0.2991,0.8331,-0.0
1,4,1,0.1821,68611,0.5599,0.5443,0.5654,0.571,0.5547,0.5354,0.5738,0.5767,0.5642,0.4997,0.4996,0.4996,0.4997,0.4996,0.4996,0.8394,0.728,0.6505,0.8465,0.8393,0.9028,0.8675,0.7184,0.9006,0.8964,0.8421,0.7469,0.3067,0.8331,0.8189
1,4,2,0.1687,68611,0.5451,0.5363,0.5654,0.571,0.525,0.5354,0.5767,0.5767,0.5642,0.4997,0.4996,0.4996,0.4997,0.4996,0.4996,0.7937,0.7359,0.6505,0.8465,0.7866,0.8969,0.8745,0.7184,0.9006,0.8931,0.8285,0.7698,0.3067,0.8331,0.8209
1,4,3,0.203,68611,0.5414,0.5414,0.5654,0.571,0.4964,0.5712,0.5712,0.5767,0.5642,0.4997,0.4997,0.4997,0.4997,0.4996,0.4997,0.6742,0.6742,0.6505,0.8465,0.2261,0.7243,0.7243,0.7184,0.9006,0.3135,0.332,0.332,0.3067,0.8331,-0.0
1,5,1,0.1812,68611,0.5689,0.5395,0.5908,0.571,0.5547,0.5997,0.5767,0.5767,0.5642,0.4997,0.4996,0.4996,0.4997,0.4996,0.4996,0.8434,0.7341,0.6653,0.8465,0.8393,0.9018,0.868,0.7139,0.9006,0.8964,0.8432,0.746,0.3172,0.8331,0.8189
1,5,2,0.1671,68611,0.5499,0.5452,0.5908,0.571,0.525,0.5382,0.5767,0.5767,0.5642,0.4997,0.4996,0.4996,0.4997,0.4996,0.4996,0.7983,0.7415,0.6653,0.8465,0.7866,0.898,0.8748,0.7139,0.9006,0.8931,0.8284,0.7702,0.3172,0.8331,0.8209
1,5,3,0.2004,68611,0.5481,0.5481,0.5908,0.571,0.4964,0.5767,0.5767,0.5767,0.5642,0.4997,0.4997,0.4997,0.4997,0.4996,0.4997,0.6862,0.6862,0.6653,0.8465,0.2261,0.7231,0.7231,0.7139,0.9006,0.3135,0.3438,0.3438,0.3172,0.8331,-0.0
1,6,1,0.1745,68611,0.5585,0.5429,0.6182,0.571,0.5547,0.5997,0.6032,0.5738,0.5642,0.4997,0.4996,0.4996,0.4997,0.4996,0.4996,0.8433,0.7272,0.6723,0.8465,0.8393,0.9003,0.8676,0.7194,0.9006,0.8964,0.8445,0.7416,0.3195,0.8331,0.8189
1,6,2,0.1605,68611,0.5429,0.5486,0.6182,0.571,0.525,0.4997,0.5712,0.5738,0.5642,0.4997,0.4996,0.4996,0.4997,0.4996,0.4996,0.7972,0.739,0.6723,0.8465,0.7866,0.8989,0.8726,0.7194,0.9006,0.8931,0.8291,0.7706,0.3195,0.8331,0.8209
1,6,3,0.194,68611,0.5553,0.5553,0.6182,0.571,0.4964,0.5738,0.5738,0.5738,0.5642,0.4997,0.5368,0.5368,0.4997,0.4996,0.4997,0.6894,0.6894,0.6723,0.8465,0.2261,0.7251,0.7251,0.7194,0.9006,0.3135,0.3439,0.3439,0.3195,0.8331,-0.0
1,7,1,0.1691,68611,0.555,0.5617,0.658,0.571,0.5547,0.6032,0.5738,0.5767,0.5642,0.4997,0.4996,0.4996,0.5368,0.4996,0.4996,0.8422,0.7344,0.6911,0.8465,0.8393,0.9014,0.8686,0.7204,0.9006,0.8964,0.8431,0.7394,0.3271,0.8331,0.8189
1,7,2,0.1554,68611,0.5627,0.5543,0.658,0.571,0.525,0.4997,0.5712,0.5767,0.5642,0.4997,0.4996,0.4996,0.5368,0.4996,0.4996,0.7981,0.7398,0.6911,0.8465,0.7866,0.8968,0.8708,0.7204,0.9006,0.8931,0.8288,0.7673,0.3271,0.8331,0.8209
1,7,3,0.1884,68611,0.5751,0.5751,0.658,0.571,0.4964,0.5664,0.5664,0.5767,0.5642,0.4997,0.5319,0.5319,0.5368,0.4996,0.4997,0.6925,0.6925,0.6911,0.8465,0.2261,0.7274,0.7274,0.7204,0.9006,0.3135,0.3442,0.3442,0.3271,0.8331,-0.0
1,8,1,0.1858,68611,0.5659,0.5459,0.6352,0.571,0.5547,0.5712,0.5712,0.5712,0.5642,0.4997,0.4996,0.4996,0.4997,0.4996,0.4996,0.8431,0.7484,0.72,0.8465,0.8393,0.901,0.8651,0.7288,0.9006,0.8964,0.8417,0.7433,0.3455,0.8331,0.8189
1,8,2,0.1672,68611,0.5627,0.551,0.6352,0.571,0.525,0.5382,0.5354,0.5712,0.5642,0.4997,0.4996,0.4996,0.4997,0.4996,0.4996,0.8017,0.7504,0.72,0.8465,0.7866,0.8961,0.8743,0.7288,0.9006,0.8931,0.8272,0.7704,0.3455,0.8331,0.8209
1,8,3,0.1974,68611,0.5721,0.5721,0.6352,0.571,0.4964,0.6109,0.6109,0.5712,0.5642,0.4997,0.4997,0.4997,0.4997,0.4996,0.4997,0.7229,0.7229,0.72,0.8465,0.2261,0.7313,0.7313,0.7288,0.9006,0.3135,0.3681,0.3681,0.3455,0.8331,-0.0
1,9,1,0.2026,68611,0.5691,0.5544,0.6533,0.571,0.5547,0.5738,0.5712,0.5687,0.5642,0.4997,0.4996,0.4996,0.5397,0.4996,0.4996,0.842,0.756,0.7405,0.8465,0.8393,0.8998,0.8647,0.7401,0.9006,0.8964,0.8413,0.7431,0.3684,0.8331,0.8189
1,9,2,0.18,68611,0.5538,0.5547,0.6533,0.571,0.525,0.5382,0.5712,0.5687,0.5642,0.4997,0.4996,0.4996,0.5397,0.4996,0.4996,0.8043,0.7623,0.7405,0.8465,0.7866,0.8963,0.8725,0.7401,0.9006,0.8931,0.8284,0.7682,0.3684,0.8331,0.8209
1,9,3,0.2082,68611,0.5721,0.5721,0.6533,0.571,0.4964,0.5997,0.5997,0.5687,0.5642,0.4997,0.5382,0.5382,0.5397,0.4996,0.4997,0.7391,0.7391,0.7405,0.8465,0.2261,0.7437,0.7437,0.7401,0.9006,0.3135,0.3971,0.3971,0.3684,0.8331,-0.0
1,10,1,0.2182,68611,0.5745,0.5499,0.6485,0.571,0.5547,0.5664,0.5712,0.5997,0.5642,0.4997,0.4996,0.4996,0.4997,0.4996,0.4996,0.8446,0.7654,0.7375,0.8465,0.8393,0.8999,0.8659,0.7443,0.9006,0.8964,0.842,0.7447,0.3844,0.8331,0.8189
1,10,2,0.1939,68611,0.5664,0.5507,0.6485,0.571,0.525,0.5687,0.5342,0.5997,0.5642,0.4997,0.4996,0.4996,0.4997,0.4996,0.4996,0.8071,0.7665,0.7375,0.8465,0.7866,0.8985,0.8714,0.7443,0.9006,0.8931,0.8294,0.7643,0.3844,0.8331,0.8209
1,10,3,0.223,68611,0.5779,0.5779,0.6485,0.571,0.4964,0.5687,0.5687,0.5997,0.5642,0.4997,0.4997,0.4997,0.4997,0.4996,0.4997,0.7496,0.7496,0.7375,0.8465,0.2261,0.7506,0.7506,0.7443,0.9006,0.3135,0.415,0.415,0.3844,0.8331,-0.0
1,11,1,0.2545,68611,0.5708,0.5544,0.6405,0.571,0.5547,0.5368,0.5664,0.5738,0.5642,0.4997,0.4996,0.4996,0.4997,0.4996,0.4996,0.842,0.7766,0.7478,0.8465,0.8393,0.9008,0.8682,0.7596,0.9006,0.8964,0.8394,0.7446,0.4233,0.8331,0.8189
1,11,2,0.2248,68611,0.5587,0.5566,0.6405,0.571,0.525,0.4997,0.5382,0.5738,0.5642,0.4997,0.5252,0.4996,0.4997,0.4996,0.4996,0.8115,0.778,0.7478,0.8465,0.7866,0.8983,0.8743,0.7596,0.9006,0.8931,0.828,0.7696,0.4233,0.8331,0.8209
1,11,3,0.2528,68611,0.5897,0.5897,0.6405,0.571,0.4964,0.6377,0.6377,0.5738,0.5642,0.4997,0.4997,0.4997,0.4997,0.4996,0.4997,0.7621,0.7621,0.7478,0.8465,0.2261,0.7639,0.7639,0.7596,0.9006,0.3135,0.4579,0.4579,0.4233,0.8331,-0.0
1,12,1,0.2597,68611,0.564,0.5422,0.6458,0.571,0.5547,0.4997,0.5738,0.6069,0.5642,0.4997,0.4996,0.4995,0.4997,0.4996,0.4996,0.8414,0.7693,0.7372,0.8465,0.8393,0.8998,0.8691,0.7608,0.9006,0.8964,0.8409,0.7455,0.4352,0.8331,0.8189
1,12,2,0.2299,68611,0.5581,0.5514,0.6458,0.571,0.525,0.5354,0.5738,0.6069,0.5642,0.4997,0.4996,0.4996,0.4997,0.4996,0.4996,0.8104,0.7716,0.7372,0.8465,0.7866,0.8959,0.8756,0.7608,0.9006,0.8931,0.8289,0.7719,0.4352,0.8331,0.8209
1,12,3,0.2574,68611,0.5832,0.5832,0.6458,0.571,0.4964,0.5664,0.5664,0.6069,0.5642,0.4997,0.4997,0.4997,0.4997,0.4996,0.4997,0.7606,0.7606,0.7372,0.8465,0.2261,0.7736,0.7736,0.7608,0.9006,0.3135,0.4705,0.4705,0.4352,0.8331,-0.0
2,0,1,0.0719,64706,0.5803,0.5453,0.3794,0.6357,0.582,0.5568,0.4996,0.4616,0.5807,0.4996,0.4997,0.4997,0.4385,0.4997,0.4997,0.8343,0.7037,0.3352,0.8432,0.8319,0.9026,0.8833,0.6646,0.8995,0.894,0.8467,0.7926,0.1655,0.8362,0.8192
2,0,2,0.0886,64706,0.5502,0.5473,0.3794,0.6357,0.5284,0.4996,0.4996,0.4616,0.5807,0.4996,0.4997,0.4997,0.4385,0.4997,0.4997,0.7825,0.7053,0.3352,0.8432,0.786,0.8998,0.8786,0.6646,0.8995,0.8913,0.8376,0.7866,0.1655,0.8362,0.8257
2,0,3,0.1304,64706,0.3794,0.3794,0.3794,0.6357,0.4966,0.4616,0.4616,0.4616,0.5807,0.0015,0.4385,0.4385,0.4385,0.4997,0.4997,0.3352,0.3352,0.3352,0.8432,0.2246,0.6646,0.6646,0.6646,0.8995,0.3185,0.1655,0.1655,0.1655,0.8362,-0.0007
2,1,1,0.113,64706,0.589,0.5689,0.6037,0.6357,0.582,0.529,0.4996,0.5233,0.5807,0.4996,0.4997,0.5432,0.5367,0.4997,0.4997,0.832,0.686,0.5441,0.8432,0.8319,0.9015,0.8759,0.6985,0.8995,0.894,0.8444,0.7756,0.2627,0.8362,0.8192
2,1,2,0.1175,64706,0.5562,0.5771,0.6037,0.6357,0.5284,0.5282,0.4996,0.5233,0.5807,0.4996,0.4997,0.5414,0.5367,0.4997,0.4997,0.7749,0.7004,0.5441,0.8432,0.786,0.898,0.8783,0.6985,0.8995,0.8913,0.8325,0.7786,0.2627,0.8362,0.8257
2,1,3,0.1588,64706,0.5663,0.5663,0.6037,0.6357,0.4966,0.4996,0.4996,0.5233,0.5807,0.0015,0.5382,0.5382,0.5367,0.4997,0.4997,0.5288,0.5288,0.5441,0.8432,0.2246,0.6987,0.6987,0.6985,0.8995,0.3185,0.2634,0.2634,0.2627,0.8362,-0.0007
2,2,1,0.1634,64706,0.589,0.5612,0.5908,0.6357,0.582,0.5568,0.4996,0.4996,0.5807,0.4996,0.4997,0.4997,0.4997,0.4997,0.4997,0.8344,0.7126,0.6009,0.8432,0.8319,0.901,0.8709,0.7085,0.8995,0.894,0.8442,0.7682,0.2843,0.8362,0.8192
2,2,2,0.1563,64706,0.5674,0.5723,0.5908,0.6357,0.5284,0.5568,0.4996,0.4996,0.5807,0.4996,0.4997,0.4997,0.4997,0.4997,0.4997,0.7813,0.7138,0.6009,0.8432,0.786,0.8983,0.8715,0.7085,0.8995,0.8913,0.8315,0.774,0.2843,0.8362,0.8257
2,2,3,0.1938,64706,0.5611,0.5611,0.5908,0.6357,0.4966,0.4996,0.4996,0.4996,0.5807,0.0015,0.4997,0.4997,0.4997,0.4997,0.4997,0.6219,0.6219,0.6009,0.8432,0.2246,0.7164,0.7164,0.7085,0.8995,0.3185,0.316,0.316,0.2843,0.8362,-0.0007
2,3,1,0.1823,64706,0.5971,0.5683,0.5917,0.6357,0.582,0.5552,0.4996,0.4996,0.5807,0.4996,0.4997,0.4997,0.4997,0.4997,0.4997,0.8366,0.7237,0.6366,0.8432,0.8319,0.9018,0.8712,0.7103,0.8995,0.894,0.8435,0.7629,0.2973,0.8362,0.8192
2,3,2,0.1697,64706,0.5714,0.5646,0.5917,0.6357,0.5284,0.529,0.4996,0.4996,0.5807,0.4996,0.4997,0.4997,0.4997,0.4997,0.4997,0.7873,0.7266,0.6366,0.8432,0.786,0.897,0.873,0.7103,0.8995,0.8913,0.8328,0.7773,0.2973,0.8362,0.8257
2,3,3,0.204,64706,0.5653,0.5653,0.5917,0.6357,0.4966,0.5282,0.5282,0.4996,0.5807,0.0015,0.5432,0.5432,0.4997,0.4997,0.4997,0.6645,0.6645,0.6366,0.8432,0.2246,0.7245,0.7245,0.7103,0.8995,0.3185,0.3379,0.3379,0.2973,0.8362,-0.0007
2,4,1,0.1787,64706,0.5907,0.5653,0.5891,0.6357,0.582,0.529,0.4996,0.4996,0.5807,0.4996,0.4997,0.4997,0.4997,0.4997,0.4997,0.8374,0.7298,0.6373,0.8432,0.8319,0.901,0.8689,0.716,0.8995,0.894,0.8447,0.7634,0.3052,0.8362,0.8192
2,4,2,0.1665,64706,0.5634,0.5647,0.5891,0.6357,0.5284,0.529,0.4996,0.4996,0.5807,0.4996,0.4997,0.4997,0.4997,0.4997,0.4997,0.7876,0.7231,0.6373,0.8432,0.786,0.8975,0.8716,0.716,0.8995,0.8913,0.8321,0.7758,0.3052,0.8362,0.8257
2,4,3,0.2008,64706,0.568,0.568,0.5891,0.6357,0.4966,0.4996,0.4996,0.4996,0.5807,0.0015,0.4997,0.4997,0.4997,0.4997,0.4997,0.6677,0.6677,0.6373,0.8432,0.2246,0.7283,0.7283,0.716,0.8995,0.3185,0.3388,0.3388,0.3052,0.8362,-0.0007
2,5,1,0.1787,64706,0.5902,0.5794,0.6239,0.6357,0.582,0.5552,0.5568,0.4996,0.5807,0.4996,0.4997,0.4997,0.4997,0.4997,0.4997,0.8391,0.7315,0.6552,0.8432,0.8319,0.9017,0.8697,0.717,0.8995,0.894,0.8443,0.7646,0.3104,0.8362,0.8192
2,5,2,0.1655,64706,0.5706,0.5714,0.6239,0.6357,0.5284,0.4996,0.4996,0.4996,0.5807,0.4996,0.4997,0.4997,0.4997,0.4997,0.4997,0.7941,0.7309,0.6552,0.8432,0.786,0.8976,0.8749,0.717,0.8995,0.8913,0.8337,0.7755,0.3104,0.8362,0.8257
2,5,3,0.1987,64706,0.5863,0.5863,0.6239,0.6357,0.4966,0.4996,0.4996,0.4996,0.5807,0.0015,0.5432,0.5432,0.4997,0.4997,0.4997,0.6757,0.6757,0.6552,0.8432,0.2246,0.726,0.726,0.717,0.8995,0.3185,0.3457,0.3457,0.3104,0.8362,-0.0007
2,6,1,0.1709,64706,0.5982,0.5696,0.634,0.6357,0.582,0.5282,0.4996,0.529,0.5807,0.4996,0.4997,0.4997,0.5432,0.4997,0.4997,0.8376,0.733,0.6695,0.8432,0.8319,0.9029,0.8702,0.7226,0.8995,0.894,0.8457,0.762,0.3261,0.8362,0.8192
2,6,2,0.1586,64706,0.5824,0.5729,0.634,0.6357,0.5284,0.529,0.4996,0.529,0.5807,0.4996,0.4997,0.4997,0.5432,0.4997,0.4997,0.7918,0.73,0.6695,0.8432,0.786,0.8962,0.8732,0.7226,0.8995,0.8913,0.8314,0.7759,0.3261,0.8362,0.8257
2,6,3,0.192,64706,0.587,0.587,0.634,0.6357,0.4966,0.4996,0.4996,0.529,0.5807,0.0015,0.4997,0.4997,0.5432,0.4997,0.4997,0.6826,0.6826,0.6695,0.8432,0.2246,0.7272,0.7272,0.7226,0.8995,0.3185,0.3445,0.3445,0.3261,0.8362,-0.0007
2,7,1,0.1657,64706,0.5917,0.5903,0.6705,0.6357,0.582,0.5282,0.4996,0.4996,0.5807,0.4996,0.4997,0.4997,0.4997,0.4997,0.4997,0.8379,0.7365,0.6842,0.8432,0.8319,0.903,0.8681,0.7228,0.8995,0.894,0.8428,0.7594,0.3356,0.8362,0.8192
2,7,2,0.1515,64706,0.5754,0.5796,0.6705,0.6357,0.5284,0.4996,0.529,0.4996,0.5807,0.4996,0.4997,0.4997,0.4997,0.4997,0.4997,0.79,0.7374,0.6842,0.8432,0.786,0.8965,0.8735,0.7228,0.8995,0.8913,0.8301,0.7749,0.3356,0.8362,0.8257
2,7,3,0.1838,64706,0.6022,0.6022,0.6705,0.6357,0.4966,0.529,0.529,0.4996,0.5807,0.0015,0.4997,0.4997,0.4997,0.4997,0.4997,0.6845,0.6845,0.6842,0.8432,0.2246,0.7321,0.7321,0.7228,0.8995,0.3185,0.3516,0.3516,0.3356,0.8362,-0.0007
2,8,1,0.181,64706,0.5872,0.5738,0.6625,0.6357,0.582,0.5537,0.4996,0.4996,0.5807,0.4996,0.4997,0.4997,0.4997,0.4997,0.4997,0.8376,0.7536,0.7136,0.8432,0.8319,0.9014,0.8683,0.7276,0.8995,0.894,0.8439,0.7617,0.3514,0.8362,0.8192
2,8,2,0.1635,64706,0.5847,0.5834,0.6625,0.6357,0.5284,0.529,0.4996,0.4996,0.5807,0.4996,0.4997,0.4997,0.4997,0.4997,0.4997,0.7973,0.7492,0.7136,0.8432,0.786,0.8962,0.8714,0.7276,0.8995,0.8913,0.8331,0.7715,0.3514,0.8362,0.8257
2,8,3,0.1934,64706,0.6192,0.6192,0.6625,0.6357,0.4966,0.5537,0.5537,0.4996,0.5807,0.0015,0.5414,0.5414,0.4997,0.4997,0.4997,0.7211,0.7211,0.7136,0.8432,0.2246,0.7352,0.7352,0.7276,0.8995,0.3185,0.374,0.374,0.3514,0.8362,-0.0007
2,9,1,0.198,64706,0.5901,0.5733,0.6563,0.6357,0.582,0.5568,0.4996,0.4996,0.5807,0.4996,0.4997,0.5432,0.4997,0.4997,0.4997,0.8404,0.7626,0.7425,0.8432,0.8319,0.902,0.8683,0.7383,0.8995,0.894,0.8448,0.7608,0.3725,0.8362,0.8192
2,9,2,0.1766,64706,0.5853,0.5801,0.6563,0.6357,0.5284,0.5568,0.4996,0.4996,0.5807,0.4996,0.4997,0.4997,0.4997,0.4997,0.4997,0.8013,0.7603,0.7425,0.8432,0.786,0.8973,0.8725,0.7383,0.8995,0.8913,0.8318,0.7737,0.3725,0.8362,0.8257
2,9,3,0.2049,64706,0.6166,0.6166,0.6563,0.6357,0.4966,0.529,0.529,0.4996,0.5807,0.0015,0.5767,0.5767,0.4997,0.4997,0.4997,0.7395,0.7395,0.7425,0.8432,0.2246,0.7461,0.7461,0.7383,0.8995,0.3185,0.3942,0.3942,0.3725,0.8362,-0.0007
2,10,1,0.213,64706,0.5961,0.5793,0.6724,0.6357,0.582,0.5282,0.4996,0.529,0.5807,0.4996,0.4997,0.4997,0.4997,0.4997,0.4997,0.8396,0.766,0.7409,0.8432,0.8319,0.9018,0.8691,0.7467,0.8995,0.894,0.8436,0.7604,0.3912,0.8362,0.8192
2,10,2,0.1901,64706,0.5811,0.5906,0.6724,0.6357,0.5284,0.529,0.4996,0.529,0.5807,0.4996,0.4997,0.4997,0.4997,0.4997,0.4997,0.8059,0.7663,0.7409,0.8432,0.786,0.8969,0.8728,0.7467,0.8995,0.8913,0.8315,0.7711,0.3912,0.8362,0.8257
2,10,3,0.2189,64706,0.6286,0.6286,0.6724,0.6357,0.4966,0.5252,0.5252,0.529,0.5807,0.0015,0.5414,0.5414,0.4997,0.4997,0.4997,0.7482,0.7482,0.7409,0.8432,0.2246,0.7522,0.7522,0.7467,0.8995,0.3185,0.4176,0.4176,0.3912,0.8362,-0.0007
2,11,1,0.2479,64706,0.5978,0.5746,0.656,0.6357,0.582,0.5568,0.4996,0.4996,0.5807,0.4996,0.4997,0.4997,0.4997,0.4997,0.4997,0.8398,0.7792,0.747,0.8432,0.8319,0.9024,0.8675,0.7637,0.8995,0.894,0.844,0.7624,0.4329,0.8362,0.8192
2,11,2,0.2201,64706,0.5923,0.5805,0.656,0.6357,0.5284,0.5552,0.4996,0.4996,0.5807,0.4996,0.4997,0.4997,0.4997,0.4997,0.4997,0.8105,0.7747,0.747,0.8432,0.786,0.8978,0.8745,0.7637,0.8995,0.8913,0.8313,0.7765,0.4329,0.8362,0.8257
2,11,3,0.2492,64706,0.6228,0.6228,0.656,0.6357,0.4966,0.5252,0.5252,0.4996,0.5807,0.0015,0.5414,0.5414,0.4997,0.4997,0.4997,0.7614,0.7614,0.747,0.8432,0.2246,0.7734,0.7734,0.7637,0.8995,0.3185,0.4689,0.4689,0.4329,0.8362,-0.0007
2,12,1,0.2528,64706,0.5908,0.5739,0.6646,0.6357,0.582,0.5786,0.4996,0.4996,0.5807,0.4996,0.4997,0.4997,0.4997,0.4997,0.4997,0.8396,0.777,0.7428,0.8432,0.8319,0.8985,0.8702,0.7643,0.8995,0.894,0.8455,0.7626,0.4452,0.8362,0.8192
2,12,2,0.225,64706,0.589,0.5848,0.6646,0.6357,0.5284,0.5552,0.4996,0.4996,0.5807,0.4996,0.4997,0.4997,0.4997,0.4997,0.4997,0.8108,0.7756,0.7428,0.8432,0.786,0.8954,0.8752,0.7643,0.8995,0.8913,0.8316,0.7757,0.4452,0.8362,0.8257
2,12,3,0.2544,64706,0.6158,0.6158,0.6646,0.6357,0.4966,0.5693,0.5693,0.4996,0.5807,0.0015,0.4997,0.4997,0.4997,0.4997,0.4997,0.7622,0.7622,0.7428,0.8432,0.2246,0.7739,0.7739,0.7643,0.8995,0.3185,0.4782,0.4782,0.4452,0.8362,-0.0007
3,0,1,0.0755,64979,0.5753,0.5539,0.3779,0.5987,0.5687,0.5342,0.533,0.4311,0.5642,0.4997,0.4997,0.4997,0.4537,0.4997,0.4997,0.8342,0.6879,0.3428,0.8413,0.8347,0.906,0.8844,0.6755,0.9009,0.8953,0.851,0.7966,0.1754,0.8388,0.8281
3,0,2,0.0937,64979,0.5547,0.5509,0.3779,0.5987,0.5327,0.5342,0.533,0.4311,0.5642,0.4997,0.4997,0.5299,0.4537,0.4997,0.4997,0.7786,0.6918,0.3428,0.8413,0.7817,0.8996,0.8843,0.6755,0.9009,0.8937,0.8404,0.7984,0.1754,0.8388,0.8292
3,0,3,0.1372,64979,0.3779,0.3779,0.3779,0.5987,0.4966,0.4311,0.4311,0.4311,0.5642,0.4997,0.4537,0.4537,0.4537,0.4997,0.4997,0.3428,0.3428,0.3428,0.8413,0.2256,0.6755,0.6755,0.6755,0.9009,0.3145,0.1754,0.1754,0.1754,0.8388,-0.0
3,1,1,0.1143,64979,0.578,0.5591,0.5742,0.5987,0.5687,0.5622,0.4997,0.4996,0.5642,0.4997,0.4997,0.4997,0.5934,0.4997,0.4997,0.8337,0.6779,0.5431,0.8413,0.8347,0.9062,0.8762,0.7014,0.9009,0.8953,0.8505,0.7708,0.2682,0.8388,0.8281
3,1,2,0.1174,64979,0.5526,0.549,0.5742,0.5987,0.5327,0.4997,0.4997,0.4996,0.5642,0.4997,0.4997,0.4997,0.5934,0.4997,0.4997,0.7777,0.6902,0.5431,0.8413,0.7817,0.9004,0.8844,0.7014,0.9009,0.8937,0.837,0.795,0.2682,0.8388,0.8292
3,1,3,0.1617,64979,0.5392,0.5392,0.5742,0.5987,0.4966,0.4996,0.4996,0.4996,0.5642,0.4997,0.5354,0.5354,0.5934,0.4997,0.4997,0.5321,0.5321,0.5431,0.8413,0.2256,0.6987,0.6987,0.7014,0.9009,0.3145,0.2695,0.2695,0.2682,0.8388,-0.0
3,2,1,0.1688,64979,0.5839,0.5529,0.5684,0.5987,0.5687,0.5664,0.5342,0.4997,0.5642,0.4997,0.4997,0.4997,0.4997,0.4997,0.4997,0.8347,0.7052,0.6108,0.8413,0.8347,0.9045,0.8696,0.7108,0.9009,0.8953,0.8507,0.7589,0.3011,0.8388,0.8281
3,2,2,0.1603,64979,0.5672,0.5586,0.5684,0.5987,0.5327,0.4997,0.4997,0.4997,0.5642,0.4997,0.4997,0.4997,0.4997,0.4997,0.4997,0.7838,0.7083,0.6108,0.8413,0.7817,0.8986,0.8832,0.7108,0.9009,0.8937,0.8365,0.7923,0.3011,0.8388,0.8292
3,2,3,0.1986,64979,0.5418,0.5418,0.5684,0.5987,0.4966,0.4997,0.4997,0.4997,0.5642,0.4997,0.4997,0.4997,0.4997,0.4997,0.4997,0.6299,0.6299,0.6108,0.8413,0.2256,0.7165,0.7165,0.7108,0.9009,0.3145,0.3245,0.3245,0.3011,0.8388,-0.0
3,3,1,0.1894,64979,0.5818,0.5494,0.5703,0.5987,0.5687,0.5622,0.4997,0.4997,0.5642,0.4997,0.4997,0.4997,0.4997,0.4997,0.4997,0.8361,0.726,0.6437,0.8413,0.8347,0.9029,0.8701,0.7131,0.9009,0.8953,0.8491,0.7582,0.311,0.8388,0.8281
3,3,2,0.1754,64979,0.5723,0.5501,0.5703,0.5987,0.5327,0.4997,0.4997,0.4997,0.5642,0.4997,0.4997,0.4997,0.4997,0.4997,0.4997,0.793,0.7278,0.6437,0.8413,0.7817,0.8987,0.8804,0.7131,0.9009,0.8937,0.8344,0.7933,0.311,0.8388,0.8292
3,3,3,0.2098,64979,0.5488,0.5488,0.5703,0.5987,0.4966,0.4997,0.4997,0.4997,0.5642,0.4997,0.4997,0.4997,0.4997,0.4997,0.4997,0.6701,0.6701,0.6437,0.8413,0.2256,0.7233,0.7233,0.7131,0.9009,0.3145,0.3497,0.3497,0.311,0.8388,-0.0
3,4,1,0.1875,64979,0.5784,0.5518,0.5511,0.5987,0.5687,0.5309,0.4997,0.4997,0.5642,0.4997,0.4997,0.4997,0.4997,0.4997,0.4997,0.8365,0.7275,0.6535,0.8413,0.8347,0.9042,0.871,0.7141,0.9009,0.8953,0.8503,0.759,0.3184,0.8388,0.8281
3,4,2,0.1737,64979,0.5689,0.5584,0.5511,0.5987,0.5327,0.5342,0.529,0.4997,0.5642,0.4997,0.4997,0.4997,0.4997,0.4997,0.4997,0.792,0.7322,0.6535,0.8413,0.7817,0.8992,0.8828,0.7141,0.9009,0.8937,0.8344,0.7923,0.3184,0.8388,0.8292
3,4,3,0.2077,64979,0.5438,0.5438,0.5511,0.5987,0.4966,0.4997,0.4997,0.4997,0.5642,0.4997,0.4997,0.4997,0.4997,0.4997,0.4997,0.6752,0.6752,0.6535,0.8413,0.2256,0.7252,0.7252,0.7141,0.9009,0.3145,0.3499,0.3499,0.3184,0.8388,-0.0
3,5,1,0.1859,64979,0.5849,0.5489,0.5727,0.5987,0.5687,0.5965,0.4997,0.4997,0.5642,0.4997,0.4997,0.4997,0.4997,0.4997,0.4997,0.8377,0.7312,0.6687,0.8413,0.8347,0.904,0.8721,0.7207,0.9009,0.8953,0.849,0.7591,0.3323,0.8388,0.8281
3,5,2,0.1706,64979,0.5601,0.556,0.5727,0.5987,0.5327,0.4997,0.5354,0.4997,0.5642,0.4997,0.4997,0.4997,0.4997,0.4997,0.4997,0.7956,0.734,0.6687,0.8413,0.7817,0.8974,0.8823,0.7207,0.9009,0.8937,0.8344,0.7924,0.3323,0.8388,0.8292
3,5,3,0.2039,64979,0.5418,0.5418,0.5727,0.5987,0.4966,0.4997,0.4997,0.4997,0.5642,0.4997,0.4997,0.4997,0.4997,0.4997,0.4997,0.6876,0.6876,0.6687,0.8413,0.2256,0.7293,0.7293,0.7207,0.9009,0.3145,0.3585,0.3585,0.3323,0.8388,-0.0
3,6,1,0.1774,64979,0.58,0.5627,0.6101,0.5987,0.5687,0.5664,0.5664,0.4997,0.5642,0.4997,0.4997,0.4997,0.4997,0.4997,0.4997,0.8366,0.7301,0.6754,0.8413,0.8347,0.9048,0.8704,0.721,0.9009,0.8953,0.8489,0.7549,0.3399,0.8388,0.8281
3,6,2,0.1615,64979,0.5739,0.5662,0.6101,0.5987,0.5327,0.5342,0.4997,0.4997,0.5642,0.4997,0.4997,0.4997,0.4997,0.4997,0.4997,0.7929,0.7353,0.6754,0.8413,0.7817,0.8979,0.8808,0.721,0.9009,0.8937,0.8317,0.7909,0.3399,0.8388,0.8292
3,6,3,0.1959,64979,0.5642,0.5642,0.6101,0.5987,0.4966,0.4997,0.4997,0.4997,0.5642,0.4997,0.4997,0.4997,0.4997,0.4997,0.4997,0.6873,0.6873,0.6754,0.8413,0.2256,0.7264,0.7264,0.721,0.9009,0.3145,0.3575,0.3575,0.3399,0.8388,-0.0
3,7,1,0.1722,64979,0.5885,0.5666,0.6204,0.5987,0.5687,0.5879,0.4997,0.4997,0.5642,0.4997,0.4997,0.5354,0.4997,0.4997,0.4997,0.8371,0.7359,0.6861,0.8413,0.8347,0.9044,0.869,0.7256,0.9009,0.8953,0.8493,0.7562,0.3484,0.8388,0.8281
3,7,2,0.1563,64979,0.5789,0.5746,0.6204,0.5987,0.5327,0.533,0.4997,0.4997,0.5642,0.4997,0.4997,0.4997,0.4997,0.4997,0.4997,0.7906,0.7388,0.6861,0.8413,0.7817,0.8962,0.8795,0.7256,0.9009,0.8937,0.8317,0.79,0.3484,0.8388,0.8292
3,7,3,0.1902,64979,0.5683,0.5683,0.6204,0.5987,0.4966,0.4996,0.4996,0.4997,0.5642,0.4997,0.5367,0.5367,0.4997,0.4997,0.4997,0.6928,0.6928,0.6861,0.8413,0.2256,0.7292,0.7292,0.7256,0.9009,0.3145,0.3646,0.3646,0.3484,0.8388,-0.0
3,8,1,0.1884,64979,0.5955,0.5707,0.6519,0.5987,0.5687,0.5642,0.5342,0.4997,0.5642,0.4997,0.4997,0.4997,0.4997,0.4997,0.4997,0.839,0.7492,0.7129,0.8413,0.8347,0.9048,0.8677,0.7314,0.9009,0.8953,0.8458,0.7585,0.3638,0.8388,0.8281
3,8,2,0.1682,64979,0.5783,0.5739,0.6519,0.5987,0.5327,0.5354,0.4997,0.4997,0.5642,0.4997,0.4997,0.4997,0.4997,0.4997,0.4997,0.8001,0.7511,0.7129,0.8413,0.7817,0.8972,0.8796,0.7314,0.9009,0.8937,0.8311,0.7903,0.3638,0.8388,0.8292
3,8,3,0.2,64979,0.5754,0.5754,0.6519,0.5987,0.4966,0.4997,0.4997,0.4997,0.5642,0.4997,0.4997,0.4997,0.4997,0.4997,0.4997,0.7185,0.7185,0.7129,0.8413,0.2256,0.734,0.734,0.7314,0.9009,0.3145,0.3817,0.3817,0.3638,0.8388,-0.0
3,9,1,0.2041,64979,0.5837,0.5716,0.6343,0.5987,0.5687,0.5965,0.4997,0.5622,0.5642,0.4997,0.4997,0.4997,0.5397,0.4997,0.4997,0.8349,0.757,0.7362,0.8413,0.8347,0.9019,0.8689,0.7436,0.9009,0.8953,0.8482,0.7532,0.381,0.8388,0.8281
3,9,2,0.181,64979,0.5763,0.5739,0.6343,0.5987,0.5327,0.5879,0.4997,0.5622,0.5642,0.4997,0.4997,0.5414,0.5397,0.4997,0.4997,0.802,0.7592,0.7362,0.8413,0.7817,0.8986,0.8805,0.7436,0.9009,0.8937,0.8304,0.7905,0.381,0.8388,0.8292
3,9,3,0.2109,64979,0.5782,0.5782,0.6343,0.5987,0.4966,0.4996,0.4996,0.5622,0.5642,0.4997,0.4997,0.4997,0.5397,0.4997,0.4997,0.7359,0.7359,0.7362,0.8413,0.2256,0.7451,0.7451,0.7436,0.9009,0.3145,0.3978,0.3978,0.381,0.8388,-0.0
3,10,1,0.2189,64979,0.5919,0.5608,0.6514,0.5987,0.5687,0.5642,0.533,0.4997,0.5642,0.4997,0.4997,0.4997,0.4997,0.4997,0.4997,0.8362,0.7679,0.7369,0.8413,0.8347,0.9031,0.8692,0.7461,0.9009,0.8953,0.8473,0.7576,0.3908,0.8388,0.8281
3,10,2,0.1949,64979,0.5791,0.5725,0.6514,0.5987,0.5327,0.4997,0.4997,0.4997,0.5642,0.4997,0.4997,0.4997,0.4997,0.4997,0.4997,0.8057,0.7654,0.7369,0.8413,0.7817,0.8973,0.8798,0.7461,0.9009,0.8937,0.833,0.7913,0.3908,0.8388,0.8292
3,10,3,0.2253,64979,0.5877,0.5877,0.6514,0.5987,0.4966,0.5299,0.5299,0.4997,0.5642,0.4997,0.4997,0.4997,0.4997,0.4997,0.4997,0.7432,0.7432,0.7369,0.8413,0.2256,0.7533,0.7533,0.7461,0.9009,0.3145,0.4208,0.4208,0.3908,0.8388,-0.0
3,11,1,0.2541,64979,0.5833,0.5576,0.6469,0.5987,0.5687,0.5664,0.4997,0.5522,0.5642,0.4997,0.4997,0.4997,0.4997,0.4997,0.4997,0.8379,0.7787,0.7437,0.8413,0.8347,0.9015,0.8719,0.7592,0.9009,0.8953,0.8472,0.7595,0.4277,0.8388,0.8281
3,11,2,0.2251,64979,0.5738,0.5687,0.6469,0.5987,0.5327,0.5309,0.5319,0.5522,0.5642,0.4997,0.4997,0.4997,0.4997,0.4997,0.4997,0.8077,0.7751,0.7437,0.8413,0.7817,0.8988,0.8807,0.7592,0.9009,0.8937,0.8336,0.792,0.4277,0.8388,0.8292
3,11,3,0.2544,64979,0.6031,0.6031,0.6469,0.5987,0.4966,0.5585,0.5585,0.5522,0.5642,0.4997,0.5397,0.5397,0.4997,0.4997,0.4997,0.758,0.758,0.7437,0.8413,0.2256,0.7678,0.7678,0.7592,0.9009,0.3145,0.4609,0.4609,0.4277,0.8388,-0.0
3,12,1,0.2599,64979,0.5971,0.561,0.6286,0.5987,0.5687,0.6426,0.4997,0.5342,0.5642,0.4997,0.4997,0.4997,0.4997,0.4997,0.4997,0.8381,0.7754,0.7374,0.8413,0.8347,0.9041,0.8709,0.7646,0.9009,0.8953,0.8479,0.76,0.4425,0.8388,0.8281
3,12,2,0.2313,64979,0.5843,0.5708,0.6286,0.5987,0.5327,0.5934,0.4996,0.5342,0.5642,0.4997,0.4997,0.4997,0.4997,0.4997,0.4997,0.8091,0.7736,0.7374,0.8413,0.7817,0.8966,0.8816,0.7646,0.9009,0.8937,0.8354,0.7941,0.4425,0.8388,0.8292
3,12,3,0.2599,64979,0.5982,0.5982,0.6286,0.5987,0.4966,0.4996,0.4996,0.5342,0.5642,0.4997,0.4997,0.4997,0.4997,0.4997,0.4997,0.7626,0.7626,0.7374,0.8413,0.2256,0.7681,0.7681,0.7646,0.9009,0.3145,0.4655,0.4655,0.4425,0.8388,-0.0
4,0,1,0.0743,68908,0.5734,0.5454,0.4007,0.5926,0.5735,0.5738,0.4997,0.3953,0.5664,0.4997,0.4996,0.5412,0.446,0.4996,0.4996,0.8363,0.6847,0.3456,0.8444,0.8396,0.9049,0.8869,0.6752,0.9007,0.8962,0.8522,0.7998,0.1784,0.8371,0.8245
4,0,2,0.093,68908,0.5575,0.5471,0.4007,0.5926,0.5362,0.4998,0.4997,0.3953,0.5664,0.4997,0.4996,0.518,0.446,0.4996,0.4996,0.7851,0.6792,0.3456,0.8444,0.7844,0.9014,0.8876,0.6752,0.9007,0.8957,0.8382,0.803,0.1784,0.8371,0.8301
4,0,3,0.1363,68908,0.4007,0.4007,0.4007,0.5926,0.4961,0.3953,0.3953,0.3953,0.5664,0.4998,0.446,0.446,0.446,0.4996,0.4996,0.3456,0.3456,0.3456,0.8444,0.2249,0.6752,0.6752,0.6752,0.9007,0.3098,0.1784,0.1784,0.1784,0.8371,-0.0
4,1,1,0.1131,68908,0.5824,0.5579,0.5903,0.5926,0.5735,0.5414,0.4997,0.4997,0.5664,0.4997,0.4996,0.5412,0.6495,0.4996,0.4996,0.8326,0.6657,0.5438,0.8444,0.8396,0.9026,0.8785,0.7028,0.9007,0.8962,0.8493,0.7755,0.2607,0.8371,0.8245
4,1,2,0.1187,68908,0.5569,0.566,0.5903,0.5926,0.5362,0.4997,0.4998,0.4997,0.5664,0.4997,0.4996,0.5195,0.6495,0.4996,0.4996,0.7807,0.6703,0.5438,0.8444,0.7844,0.898,0.8845,0.7028,0.9007,0.8957,0.8361,0.7904,0.2607,0.8371,0.8301
4,1,3,0.1602,68908,0.5514,0.5514,0.5903,0.5926,0.4961,0.4997,0.4997,0.4997,0.5664,0.4998,0.5978,0.5978,0.6495,0.4996,0.4996,0.53,0.53,0.5438,0.8444,0.2249,0.7027,0.7027,0.7028,0.9007,0.3098,0.2623,0.2623,0.2607,0.8371,-0.0
4,2,1,0.1669,68908,0.5846,0.5478,0.5704,0.5926,0.5735,0.5798,0.4997,0.4998,0.5664,0.4997,0.4995,0.4996,0.4996,0.4996,0.4996,0.8338,0.6995,0.6021,0.8444,0.8396,0.9014,0.875,0.7113,0.9007,0.8962,0.8486,0.7668,0.2894,0.8371,0.8245
4,2,2,0.1604,68908,0.5672,0.5578,0.5704,0.5926,0.5362,0.4997,0.4997,0.4998,0.5664,0.4997,0.4996,0.5223,0.4996,0.4996,0.4996,0.7876,0.7088,0.6021,0.8444,0.7844,0.8997,0.8819,0.7113,0.9007,0.8957,0.835,0.7882,0.2894,0.8371,0.8301
4,2,3,0.1975,68908,0.5388,0.5388,0.5704,0.5926,0.4961,0.4997,0.4997,0.4998,0.5664,0.4998,0.4996,0.4996,0.4996,0.4996,0.4996,0.6268,0.6268,0.6021,0.8444,0.2249,0.7193,0.7193,0.7113,0.9007,0.3098,0.3171,0.3171,0.2894,0.8371,-0.0
4,3,1,0.1869,68908,0.5883,0.5459,0.5654,0.5926,0.5735,0.5368,0.4997,0.5432,0.5664,0.4997,0.4996,0.5259,0.4996,0.4996,0.4996,0.8349,0.7197,0.645,0.8444,0.8396,0.9057,0.8731,0.7174,0.9007,0.8962,0.8486,0.7694,0.301,0.8371,0.8245
4,3,2,0.1739,68908,0.5695,0.5488,0.5654,0.5926,0.5362,0.4997,0.4997,0.5432,0.5664,0.4997,0.4996,0.4995,0.4996,0.4996,0.4996,0.7922,0.7224,0.645,0.8444,0.7844,0.9003,0.8813,0.7174,0.9007,0.8957,0.8339,0.79,0.301,0.8371,0.8301
4,3,3,0.2079,68908,0.5441,0.5441,0.5654,0.5926,0.4961,0.4997,0.4997,0.5432,0.5664,0.4998,0.4995,0.4995,0.4996,0.4996,0.4996,0.6684,0.6684,0.645,0.8444,0.2249,0.7275,0.7275,0.7174,0.9007,0.3098,0.3371,0.3371,0.301,0.8371,-0.0
4,4,1,0.1843,68908,0.579,0.5522,0.5713,0.5926,0.5735,0.5432,0.4997,0.5432,0.5664,0.4997,0.4996,0.4996,0.4996,0.4996,0.4996,0.8351,0.7309,0.6552,0.8444,0.8396,0.9028,0.8742,0.7197,0.9007,0.8962,0.8471,0.7705,0.3143,0.8371,0.8245
4,4,2,0.1712,68908,0.5669,0.5525,0.5713,0.5926,0.5362,0.4998,0.4998,0.5432,0.5664,0.4997,0.4996,0.4996,0.4996,0.4996,0.4996,0.7931,0.728,0.6552,0.8444,0.7844,0.8972,0.8802,0.7197,0.9007,0.8957,0.8342,0.7892,0.3143,0.8371,0.8301
4,4,3,0.2049,68908,0.5491,0.5491,0.5713,0.5926,0.4961,0.5397,0.5397,0.5432,0.5664,0.4998,0.4995,0.4995,0.4996,0.4996,0.4996,0.6756,0.6756,0.6552,0.8444,0.2249,0.7271,0.7271,0.7197,0.9007,0.3098,0.3448,0.3448,0.3143,0.8371,-0.0
4,5,1,0.1815,68908,0.5852,0.5482,0.585,0.5926,0.5735,0.5397,0.4997,0.6109,0.5664,0.4997,0.4996,0.4996,0.4996,0.4996,0.4996,0.8367,0.7331,0.6681,0.8444,0.8396,0.9029,0.8727,0.7225,0.9007,0.8962,0.8489,0.7668,0.3172,0.8371,0.8245
4,5,2,0.1679,68908,0.562,0.5601,0.585,0.5926,0.5362,0.5432,0.4997,0.6109,0.5664,0.4997,0.4996,0.4996,0.4996,0.4996,0.4996,0.7944,0.7335,0.6681,0.8444,0.7844,0.8972,0.8797,0.7225,0.9007,0.8957,0.8316,0.7882,0.3172,0.8371,0.8301
4,5,3,0.2008,68908,0.5502,0.5502,0.585,0.5926,0.4961,0.5798,0.5798,0.6109,0.5664,0.4998,0.4996,0.4996,0.4996,0.4996,0.4996,0.6862,0.6862,0.6681,0.8444,0.2249,0.7321,0.7321,0.7225,0.9007,0.3098,0.3461,0.3461,0.3172,0.8371,-0.0
4,6,1,0.1742,68908,0.5774,0.5464,0.6503,0.5926,0.5735,0.5354,0.5368,0.5397,0.5664,0.4997,0.4996,0.5472,0.4996,0.4996,0.4996,0.8354,0.7292,0.6738,0.8444,0.8396,0.9038,0.8751,0.7246,0.9007,0.8962,0.849,0.7652,0.3274,0.8371,0.8245
4,6,2,0.1607,68908,0.5746,0.5727,0.6503,0.5926,0.5362,0.5414,0.5397,0.5397,0.5664,0.4997,0.4996,0.5484,0.4996,0.4996,0.4996,0.7974,0.7379,0.6738,0.8444,0.7844,0.8979,0.8834,0.7246,0.9007,0.8957,0.8329,0.7871,0.3274,0.8371,0.8301
4,6,3,0.1942,68908,0.5774,0.5774,0.6503,0.5926,0.4961,0.4997,0.4997,0.5397,0.5664,0.4998,0.5223,0.5223,0.4996,0.4996,0.4996,0.6892,0.6892,0.6738,0.8444,0.2249,0.729,0.729,0.7246,0.9007,0.3098,0.3447,0.3447,0.3274,0.8371,-0.0
4,7,1,0.1695,68908,0.5938,0.5631,0.6603,0.5926,0.5735,0.5382,0.5368,0.6069,0.5664,0.4997,0.4996,0.4996,0.4995,0.4996,0.4996,0.8375,0.739,0.6886,0.8444,0.8396,0.9031,0.8741,0.7263,0.9007,0.8962,0.8483,0.7657,0.334,0.8371,0.8245
4,7,2,0.1549,68908,0.572,0.5767,0.6603,0.5926,0.5362,0.4997,0.4997,0.6069,0.5664,0.4997,0.5252,0.524,0.4995,0.4996,0.4996,0.7982,0.7374,0.6886,0.8444,0.7844,0.8987,0.8805,0.7263,0.9007,0.8957,0.8328,0.7855,0.334,0.8371,0.8301
4,7,3,0.1875,68908,0.5888,0.5888,0.6603,0.5926,0.4961,0.5767,0.5767,0.6069,0.5664,0.4998,0.5234,0.5234,0.4995,0.4996,0.4996,0.6969,0.6969,0.6886,0.8444,0.2249,0.728,0.728,0.7263,0.9007,0.3098,0.3424,0.3424,0.334,0.8371,-0.0
4,8,1,0.1856,68908,0.5864,0.5646,0.6577,0.5926,0.5735,0.5687,0.4997,0.6152,0.5664,0.4997,0.4996,0.4996,0.5223,0.4996,0.4996,0.838,0.7512,0.7199,0.8444,0.8396,0.9007,0.8745,0.7301,0.9007,0.8962,0.8491,0.7682,0.3541,0.8371,0.8245
4,8,2,0.167,68908,0.5761,0.5854,0.6577,0.5926,0.5362,0.4997,0.4997,0.6152,0.5664,0.4997,0.4996,0.5472,0.5223,0.4996,0.4996,0.8029,0.7494,0.7199,0.8444,0.7844,0.899,0.881,0.7301,0.9007,0.8957,0.8317,0.788,0.3541,0.8371,0.8301
4,8,3,0.1969,68908,0.5909,0.5909,0.6577,0.5926,0.4961,0.5831,0.5831,0.6152,0.5664,0.4998,0.5246,0.5246,0.5223,0.4996,0.4996,0.727,0.727,0.7199,0.8444,0.2249,0.7354,0.7354,0.7301,0.9007,0.3098,0.3738,0.3738,0.3541,0.8371,-0.0
4,9,1,0.2019,68908,0.5846,0.5712,0.6719,0.5926,0.5735,0.5354,0.4997,0.5767,0.5664,0.4997,0.4996,0.4996,0.5694,0.4996,0.4996,0.8422,0.7629,0.7454,0.8444,0.8396,0.9022,0.8711,0.7411,0.9007,0.8962,0.8489,0.7668,0.3772,0.8371,0.8245
4,9,2,0.1802,68908,0.5791,0.5713,0.6719,0.5926,0.5362,0.5368,0.4997,0.5767,0.5664,0.4997,0.4996,0.5218,0.5694,0.4996,0.4996,0.8092,0.7617,0.7454,0.8444,0.7844,0.8986,0.8802,0.7411,0.9007,0.8957,0.8331,0.7847,0.3772,0.8371,0.8301
4,9,3,0.2085,68908,0.5919,0.5919,0.6719,0.5926,0.4961,0.5767,0.5767,0.5767,0.5664,0.4998,0.5461,0.5461,0.5694,0.4996,0.4996,0.7415,0.7415,0.7454,0.8444,0.2249,0.7435,0.7435,0.7411,0.9007,0.3098,0.3938,0.3938,0.3772,0.8371,-0.0
4,10,1,0.2176,68908,0.5841,0.5631,0.6563,0.5926,0.5735,0.5382,0.4997,0.6479,0.5664,0.4997,0.4996,0.4996,0.5246,0.4996,0.4996,0.8446,0.7724,0.7483,0.8444,0.8396,0.9026,0.8721,0.7484,0.9007,0.8962,0.8477,0.7657,0.3913,0.8371,0.8245
4,10,2,0.1948,68908,0.578,0.5824,0.6563,0.5926,0.5362,0.5712,0.4997,0.6479,0.5664,0.4997,0.5259,0.4995,0.5246,0.4996,0.4996,0.813,0.7733,0.7483,0.8444,0.7844,0.8989,0.8806,0.7484,0.9007,0.8957,0.8328,0.788,0.3913,0.8371,0.8301
4,10,3,0.224,68908,0.592,0.592,0.6563,0.5926,0.4961,0.5965,0.5965,0.6479,0.5664,0.4998,0.5484,0.5484,0.5246,0.4996,0.4996,0.7559,0.7559,0.7483,0.8444,0.2249,0.7553,0.7553,0.7484,0.9007,0.3098,0.4258,0.4258,0.3913,0.8371,-0.0
4,11,1,0.2535,68908,0.5867,0.5647,0.6635,0.5926,0.5735,0.5738,0.5397,0.6331,0.5664,0.4997,0.4996,0.524,0.4995,0.4996,0.4996,0.8415,0.785,0.7501,0.8444,0.8396,0.9032,0.8749,0.7661,0.9007,0.8962,0.8467,0.7646,0.4402,0.8371,0.8245
4,11,2,0.2257,68908,0.5758,0.5791,0.6635,0.5926,0.5362,0.6152,0.5382,0.6331,0.5664,0.4997,0.4996,0.4996,0.4995,0.4996,0.4996,0.816,0.7837,0.7501,0.8444,0.7844,0.8992,0.8836,0.7661,0.9007,0.8957,0.8339,0.7904,0.4402,0.8371,0.8301
4,11,3,0.2541,68908,0.6095,0.6095,0.6635,0.5926,0.4961,0.6664,0.6664,0.6331,0.5664,0.4998,0.5461,0.5461,0.4995,0.4996,0.4996,0.7704,0.7704,0.7501,0.8444,0.2249,0.7761,0.7761,0.7661,0.9007,0.3098,0.4682,0.4682,0.4402,0.8371,-0.0
4,12,1,0.2584,68908,0.5825,0.5575,0.6476,0.5926,0.5735,0.5368,0.5382,0.5767,0.5664,0.4997,0.4996,0.4996,0.5496,0.4996,0.4996,0.8401,0.785,0.7439,0.8444,0.8396,0.9035,0.8753,0.7693,0.9007,0.8962,0.8482,0.7677,0.4507,0.8371,0.8245
4,12,2,0.2311,68908,0.5813,0.5778,0.6476,0.5926,0.5362,0.5319,0.6152,0.5767,0.5664,0.4997,0.4996,0.5223,0.5496,0.4996,0.4996,0.8147,0.7806,0.7439,0.8444,0.7844,0.8967,0.882,0.7693,0.9007,0.8957,0.8379,0.7889,0.4507,0.8371,0.8301
4,12,3,0.2593,68908,0.6049,0.6049,0.6476,0.5926,0.4961,0.6722,0.6722,0.5767,0.5664,0.4998,0.524,0.524,0.5496,0.4996,0.4996,0.7687,0.7687,0.7439,0.8444,0.2249,0.7778,0.7778,0.7693,0.9007,0.3098,0.4818,0.4818,0.4507,0.8371,-0.0
