layer,mean_cosine,cond_number,pca90,eff_rank
emb,0.0716,19800965120.0,15,14.3
L1,0.971,1119614.1,97,41.7
L2,0.9569,39071.4,232,95.9
L3,0.9293,10938.7,410,169.5
L4,0.8787,6106.4,534,244.9
L5,0.8215,3892.1,631,307.7
L6,0.7753,3979.1,719,280.5
L7,0.7631,6647.4,767,134.2
L8,0.7808,6885.5,782,75.3
L9,0.8185,5607.8,761,63.8
L10,0.8848,4747.9,694,54.4
L11,0.8592,5476.7,668,54.1
L12,0.8963,4417.4,669,74.7
L13,0.8625,5882.9,698,85.0
L14,0.8288,5323.1,745,153.5
L15,0.793,5979.4,768,190.9
L16,0.7572,5569.2,802,240.0
L17,0.7219,5737.5,819,269.6
L18,0.6951,4272.8,841,375.9
L19,0.6827,4074.3,861,402.4
L20,0.6556,3810.3,871,438.8
L21,0.6241,3648.9,884,468.7
L22,0.6073,3413.9,898,493.6
L23,0.5803,3362.2,907,502.4
L24,0.5655,3189.6,920,511.9
L25,0.5581,3081.9,932,508.0
L26,0.5604,3068.7,941,494.5
L27,0.5534,3356.3,947,455.3
L28,0.5471,3647.0,950,404.4
L29,0.5324,4199.7,945,339.8
L30,0.5324,5205.2,936,257.5
L31,0.5314,5950.5,923,211.4
L32,0.4966,9171.2,888,133.7
L33,0.4589,2842388736.0,806,42.4
