inject_layer,property,condition,score,majority_baseline,min_class_support
4,ss3,native,0.7239,0.2266,1547
4,ss3,stitched,0.7526,0.2266,1547
4,ss3,stitched_rand,0.8327,0.2266,1547
4,ss3,donor,0.8329,0.2266,1547
4,burial,native,0.7639,0.3297,4577
4,burial,stitched,0.8079,0.3297,4577
4,burial,stitched_rand,0.8748,0.3297,4577
4,burial,donor,0.8905,0.3297,4577
4,binding,native,0.5422,0.4968,139
4,binding,stitched,0.5575,0.4968,139
4,binding,stitched_rand,0.5346,0.4968,139
4,binding,donor,0.5369,0.4968,139
4,aa,native,0.9713,0.0087,128
4,aa,stitched,0.2371,0.0087,128
4,aa,stitched_rand,0.282,0.0087,128
4,aa,donor,0.2836,0.0087,128
4,rsa,native,0.4029,0.0,9262
4,rsa,stitched,0.538,0.0,9262
4,rsa,stitched_rand,0.7696,0.0,9262
4,rsa,donor,0.8142,0.0,9262
4,bfactor,native,0.1032,0.0,9318
4,bfactor,stitched,0.1194,0.0,9318
4,bfactor,stitched_rand,0.2703,0.0,9318
4,bfactor,donor,0.2026,0.0,9318
8,ss3,native,0.7177,0.2276,1546
8,ss3,stitched,0.8189,0.2276,1546
8,ss3,stitched_rand,0.8342,0.2276,1546
8,ss3,donor,0.8264,0.2276,1546
8,burial,native,0.7584,0.3386,4603
8,burial,stitched,0.8387,0.3386,4603
8,burial,stitched_rand,0.8806,0.3386,4603
8,burial,donor,0.8884,0.3386,4603
8,binding,native,0.5666,0.4958,141
8,binding,stitched,0.5499,0.4958,141
8,binding,stitched_rand,0.5632,0.4958,141
8,binding,donor,0.5406,0.4958,141
8,aa,native,0.9711,0.0085,119
8,aa,stitched,0.2532,0.0085,119
8,aa,stitched_rand,0.2788,0.0085,119
8,aa,donor,0.2788,0.0085,119
8,rsa,native,0.3961,0.0,9271
8,rsa,stitched,0.6623,0.0,9271
8,rsa,stitched_rand,0.7963,0.0,9271
8,rsa,donor,0.8074,0.0,9271
8,bfactor,native,0.1079,0.0,9318
8,bfactor,stitched,0.1902,0.0,9318
8,bfactor,stitched_rand,0.2381,0.0,9318
8,bfactor,donor,0.2071,0.0,9318
