layer,property,n_clusters,pct_noise,ARI,NMI
emb,cath_class,0,1.0,nan,nan
emb,cath_arch,0,1.0,nan,nan
emb,cath_topol,0,1.0,nan,nan
emb,kingdom,0,1.0,nan,nan
emb,enzyme,0,1.0,nan,nan
emb,ec_class,0,1.0,nan,nan
emb,protein_class,0,1.0,nan,nan
emb,localisation,0,1.0,nan,nan
emb,is_transport,0,1.0,nan,nan
emb,is_dna_binding,0,1.0,nan,nan
emb,is_kinase,0,1.0,nan,nan
emb,is_ribosomal,0,1.0,nan,nan
emb,is_membrane_protein,0,1.0,nan,nan
emb,is_structural,0,1.0,nan,nan
emb,is_immune,0,1.0,nan,nan
L1,cath_class,0,1.0,nan,nan
L1,cath_arch,0,1.0,nan,nan
L1,cath_topol,0,1.0,nan,nan
L1,kingdom,0,1.0,nan,nan
L1,enzyme,0,1.0,nan,nan
L1,ec_class,0,1.0,nan,nan
L1,protein_class,0,1.0,nan,nan
L1,localisation,0,1.0,nan,nan
L1,is_transport,0,1.0,nan,nan
L1,is_dna_binding,0,1.0,nan,nan
L1,is_kinase,0,1.0,nan,nan
L1,is_ribosomal,0,1.0,nan,nan
L1,is_membrane_protein,0,1.0,nan,nan
L1,is_structural,0,1.0,nan,nan
L1,is_immune,0,1.0,nan,nan
L2,cath_class,0,1.0,nan,nan
L2,cath_arch,0,1.0,nan,nan
L2,cath_topol,0,1.0,nan,nan
L2,kingdom,0,1.0,nan,nan
L2,enzyme,0,1.0,nan,nan
L2,ec_class,0,1.0,nan,nan
L2,protein_class,0,1.0,nan,nan
L2,localisation,0,1.0,nan,nan
L2,is_transport,0,1.0,nan,nan
L2,is_dna_binding,0,1.0,nan,nan
L2,is_kinase,0,1.0,nan,nan
L2,is_ribosomal,0,1.0,nan,nan
L2,is_membrane_protein,0,1.0,nan,nan
L2,is_structural,0,1.0,nan,nan
L2,is_immune,0,1.0,nan,nan
L3,cath_class,0,1.0,nan,nan
L3,cath_arch,0,1.0,nan,nan
L3,cath_topol,0,1.0,nan,nan
L3,kingdom,0,1.0,nan,nan
L3,enzyme,0,1.0,nan,nan
L3,ec_class,0,1.0,nan,nan
L3,protein_class,0,1.0,nan,nan
L3,localisation,0,1.0,nan,nan
L3,is_transport,0,1.0,nan,nan
L3,is_dna_binding,0,1.0,nan,nan
L3,is_kinase,0,1.0,nan,nan
L3,is_ribosomal,0,1.0,nan,nan
L3,is_membrane_protein,0,1.0,nan,nan
L3,is_structural,0,1.0,nan,nan
L3,is_immune,0,1.0,nan,nan
L4,cath_class,2,0.248,-0.0005,0.005
L4,cath_arch,2,0.248,-0.0005,0.0095
L4,cath_topol,2,0.248,0.0019,0.0221
L4,kingdom,2,0.248,0.0026,0.0186
L4,enzyme,2,0.248,0.0022,0.0137
L4,ec_class,2,0.248,0.0102,0.0222
L4,protein_class,2,0.248,0.0072,0.0278
L4,localisation,2,0.248,0.0087,0.0128
L4,is_transport,2,0.248,-0.0169,0.0049
L4,is_dna_binding,2,0.248,-0.0169,0.0055
L4,is_kinase,2,0.248,0.4006,0.3177
L4,is_ribosomal,2,0.248,-0.0117,0.0022
L4,is_membrane_protein,2,0.248,0.0122,0.0012
L4,is_structural,2,0.248,-0.0148,0.0032
L4,is_immune,2,0.248,0.0467,0.0093
L5,cath_class,3,0.322,0.0382,0.0682
L5,cath_arch,3,0.322,0.0093,0.0607
L5,cath_topol,3,0.322,0.0016,0.0533
L5,kingdom,3,0.322,0.0081,0.0453
L5,enzyme,3,0.322,0.0004,0.0182
L5,ec_class,3,0.322,-0.0008,0.0318
L5,protein_class,3,0.322,0.0194,0.0768
L5,localisation,3,0.322,0.0238,0.0302
L5,is_transport,3,0.322,-0.0384,0.0102
L5,is_dna_binding,3,0.322,-0.0409,0.0125
L5,is_kinase,3,0.322,0.3851,0.245
L5,is_ribosomal,3,0.322,-0.0205,0.0041
L5,is_membrane_protein,3,0.322,0.1276,0.0503
L5,is_structural,3,0.322,-0.0023,0.0033
L5,is_immune,3,0.322,0.5053,0.3909
L6,cath_class,5,0.463,0.0017,0.0971
L6,cath_arch,5,0.463,0.0018,0.1071
L6,cath_topol,5,0.463,0.0032,0.1322
L6,kingdom,5,0.463,-0.0139,0.0878
L6,enzyme,5,0.463,-0.0098,0.068
L6,ec_class,5,0.463,-0.05,0.0634
L6,protein_class,5,0.463,0.0421,0.1599
L6,localisation,5,0.463,0.0489,0.1032
L6,is_transport,5,0.463,0.1496,0.0987
L6,is_dna_binding,5,0.463,-0.0516,0.0159
L6,is_kinase,5,0.463,0.2325,0.1759
L6,is_ribosomal,5,0.463,-0.0144,0.0068
L6,is_membrane_protein,5,0.463,0.0742,0.0515
L6,is_structural,5,0.463,-0.0076,0.0103
L6,is_immune,5,0.463,0.3282,0.2746
L7,cath_class,2,0.054,-0.0081,0.0098
L7,cath_arch,2,0.054,-0.0034,0.0088
L7,cath_topol,2,0.054,0.0023,0.0258
L7,kingdom,2,0.054,-0.0006,0.0118
L7,enzyme,2,0.054,-0.0057,0.0131
L7,ec_class,2,0.054,-0.014,0.0092
L7,protein_class,2,0.054,0.0013,0.0155
L7,localisation,2,0.054,0.0071,0.0275
L7,is_transport,2,0.054,0.1264,0.0628
L7,is_dna_binding,2,0.054,-0.0202,0.0066
L7,is_kinase,2,0.054,-0.0189,0.0046
L7,is_ribosomal,2,0.054,-0.0148,0.003
L7,is_membrane_protein,2,0.054,-0.0125,0.0019
L7,is_structural,2,0.054,-0.0177,0.004
L7,is_immune,2,0.054,-0.018,0.0041
L8,cath_class,2,0.106,-0.0143,0.0161
L8,cath_arch,2,0.106,-0.0053,0.0162
L8,cath_topol,2,0.106,0.0036,0.0391
L8,kingdom,2,0.106,-0.0017,0.0172
L8,enzyme,2,0.106,-0.0077,0.0227
L8,ec_class,2,0.106,-0.0222,0.0143
L8,protein_class,2,0.106,0.0015,0.0244
L8,localisation,2,0.106,0.0108,0.0394
L8,is_transport,2,0.106,0.1905,0.0955
L8,is_dna_binding,2,0.106,-0.0296,0.0095
L8,is_kinase,2,0.106,-0.0265,0.0066
L8,is_ribosomal,2,0.106,-0.0176,0.0037
L8,is_membrane_protein,2,0.106,-0.0216,0.004
L8,is_structural,2,0.106,-0.0239,0.0055
L8,is_immune,2,0.106,-0.0244,0.0057
L9,cath_class,7,0.603,-0.0022,0.1413
L9,cath_arch,7,0.603,0.024,0.1822
L9,cath_topol,7,0.603,0.0148,0.2289
L9,kingdom,7,0.603,-0.0292,0.1086
L9,enzyme,7,0.603,0.0065,0.0875
L9,ec_class,7,0.603,-0.0032,0.1202
L9,protein_class,7,0.603,0.0696,0.2311
L9,localisation,7,0.603,0.0286,0.1291
L9,is_transport,7,0.603,0.087,0.0894
L9,is_dna_binding,7,0.603,-0.088,0.0283
L9,is_kinase,7,0.603,0.1822,0.1742
L9,is_ribosomal,7,0.603,-0.0313,0.0105
L9,is_membrane_protein,7,0.603,0.0427,0.047
L9,is_structural,7,0.603,-0.0149,0.0111
L9,is_immune,7,0.603,0.204,0.1892
L10,cath_class,6,0.648,-0.0084,0.1242
L10,cath_arch,6,0.648,0.0263,0.1743
L10,cath_topol,6,0.648,0.0244,0.2285
L10,kingdom,6,0.648,-0.0282,0.121
L10,enzyme,6,0.648,-0.0002,0.108
L10,ec_class,6,0.648,-0.0258,0.1234
L10,protein_class,6,0.648,0.0642,0.2234
L10,localisation,6,0.648,0.0432,0.1469
L10,is_transport,6,0.648,0.13,0.116
L10,is_dna_binding,6,0.648,-0.0878,0.0303
L10,is_kinase,6,0.648,0.1631,0.1903
L10,is_ribosomal,6,0.648,-0.0289,0.0109
L10,is_membrane_protein,6,0.648,0.0227,0.0366
L10,is_structural,6,0.648,-0.0243,0.0162
L10,is_immune,6,0.648,0.1692,0.1996
L11,cath_class,5,0.472,0.0198,0.0954
L11,cath_arch,5,0.472,0.0045,0.1061
L11,cath_topol,5,0.472,0.0155,0.1337
L11,kingdom,5,0.472,0.0002,0.0873
L11,enzyme,5,0.472,0.0246,0.0797
L11,ec_class,5,0.472,-0.0446,0.0701
L11,protein_class,5,0.472,0.0302,0.1486
L11,localisation,5,0.472,0.0702,0.1132
L11,is_transport,5,0.472,0.1897,0.1121
L11,is_dna_binding,5,0.472,-0.0471,0.0154
L11,is_kinase,5,0.472,0.2118,0.1749
L11,is_ribosomal,5,0.472,-0.0063,0.0067
L11,is_membrane_protein,5,0.472,0.0851,0.0508
L11,is_structural,5,0.472,-0.0215,0.0077
L11,is_immune,5,0.472,0.2817,0.2458
L12,cath_class,2,0.938,0.0749,0.1005
L12,cath_arch,2,0.938,0.1035,0.1085
L12,cath_topol,2,0.938,0.0195,0.1913
L12,kingdom,2,0.938,0.0434,0.0475
L12,enzyme,2,0.938,0.0969,0.0868
L12,ec_class,2,0.938,0.0644,0.0688
L12,protein_class,2,0.938,0.0367,0.0973
L12,localisation,2,0.938,0.0467,0.0919
L12,is_transport,2,0.938,0.0037,0.037
L12,is_dna_binding,2,0.938,-0.0005,0.0103
L12,is_kinase,2,0.938,0.0001,0.007
L12,is_ribosomal,2,0.938,-0.0003,0.0154
L12,is_membrane_protein,2,0.938,0.0,0.0295
L12,is_structural,2,0.938,0.0008,0.0427
L12,is_immune,2,0.938,-0.0003,0.0154
