target,layer,metric,mean,lo,hi,sd,n,interval
cath_arch,L1,lin_acc,0.3536,0.3215,0.3857,0.0164,5,mean +- 1.96 sd across refits
cath_arch,L1,lin_f1,0.2733,0.2121,0.3345,0.0312,5,mean +- 1.96 sd across refits
cath_arch,L1,xgb_acc,0.4041,0.3767,0.4315,0.014,5,mean +- 1.96 sd across refits
cath_arch,L1,xgb_f1,0.2756,0.2295,0.3217,0.0235,5,mean +- 1.96 sd across refits
cath_arch,L10,lin_acc,0.6176,0.5958,0.6394,0.0111,5,mean +- 1.96 sd across refits
cath_arch,L10,lin_f1,0.5865,0.5397,0.6333,0.0239,5,mean +- 1.96 sd across refits
cath_arch,L10,xgb_acc,0.6619,0.6476,0.6762,0.0073,5,mean +- 1.96 sd across refits
cath_arch,L10,xgb_f1,0.6108,0.5822,0.6394,0.0146,5,mean +- 1.96 sd across refits
cath_arch,L11,lin_acc,0.6106,0.5845,0.6367,0.0133,5,mean +- 1.96 sd across refits
cath_arch,L11,lin_f1,0.5783,0.5224,0.6342,0.0285,5,mean +- 1.96 sd across refits
cath_arch,L11,xgb_acc,0.6453,0.6318,0.6588,0.0069,5,mean +- 1.96 sd across refits
cath_arch,L11,xgb_f1,0.5824,0.5305,0.6343,0.0265,5,mean +- 1.96 sd across refits
cath_arch,L12,lin_acc,0.6023,0.5798,0.6248,0.0115,5,mean +- 1.96 sd across refits
cath_arch,L12,lin_f1,0.5671,0.5216,0.6126,0.0232,5,mean +- 1.96 sd across refits
cath_arch,L12,xgb_acc,0.6043,0.5874,0.6212,0.0086,5,mean +- 1.96 sd across refits
cath_arch,L12,xgb_f1,0.5332,0.5067,0.5597,0.0135,5,mean +- 1.96 sd across refits
cath_arch,L2,lin_acc,0.3948,0.3674,0.4222,0.014,5,mean +- 1.96 sd across refits
cath_arch,L2,lin_f1,0.3119,0.2778,0.346,0.0174,5,mean +- 1.96 sd across refits
cath_arch,L2,xgb_acc,0.427,0.3992,0.4548,0.0142,5,mean +- 1.96 sd across refits
cath_arch,L2,xgb_f1,0.2953,0.2477,0.3429,0.0243,5,mean +- 1.96 sd across refits
cath_arch,L3,lin_acc,0.4624,0.4279,0.4969,0.0176,5,mean +- 1.96 sd across refits
cath_arch,L3,lin_f1,0.4059,0.3432,0.4686,0.032,5,mean +- 1.96 sd across refits
cath_arch,L3,xgb_acc,0.497,0.4803,0.5137,0.0085,5,mean +- 1.96 sd across refits
cath_arch,L3,xgb_f1,0.3746,0.3362,0.413,0.0196,5,mean +- 1.96 sd across refits
cath_arch,L4,lin_acc,0.5185,0.5009,0.5361,0.009,5,mean +- 1.96 sd across refits
cath_arch,L4,lin_f1,0.4798,0.4575,0.5021,0.0114,5,mean +- 1.96 sd across refits
cath_arch,L4,xgb_acc,0.5537,0.541,0.5664,0.0065,5,mean +- 1.96 sd across refits
cath_arch,L4,xgb_f1,0.4456,0.3807,0.5105,0.0331,5,mean +- 1.96 sd across refits
cath_arch,L5,lin_acc,0.5881,0.5646,0.6116,0.012,5,mean +- 1.96 sd across refits
cath_arch,L5,lin_f1,0.5621,0.5288,0.5954,0.017,5,mean +- 1.96 sd across refits
cath_arch,L5,xgb_acc,0.6158,0.5962,0.6354,0.01,5,mean +- 1.96 sd across refits
cath_arch,L5,xgb_f1,0.5617,0.5241,0.5993,0.0192,5,mean +- 1.96 sd across refits
cath_arch,L6,lin_acc,0.6038,0.5824,0.6252,0.0109,5,mean +- 1.96 sd across refits
cath_arch,L6,lin_f1,0.5886,0.5408,0.6364,0.0244,5,mean +- 1.96 sd across refits
cath_arch,L6,xgb_acc,0.6484,0.6286,0.6682,0.0101,5,mean +- 1.96 sd across refits
cath_arch,L6,xgb_f1,0.6051,0.5884,0.6218,0.0085,5,mean +- 1.96 sd across refits
cath_arch,L7,lin_acc,0.634,0.6126,0.6554,0.0109,5,mean +- 1.96 sd across refits
cath_arch,L7,lin_f1,0.5993,0.5515,0.6471,0.0244,5,mean +- 1.96 sd across refits
cath_arch,L7,xgb_acc,0.6585,0.6401,0.6769,0.0094,5,mean +- 1.96 sd across refits
cath_arch,L7,xgb_f1,0.623,0.5971,0.6489,0.0132,5,mean +- 1.96 sd across refits
cath_arch,L8,lin_acc,0.6229,0.596,0.6498,0.0137,5,mean +- 1.96 sd across refits
cath_arch,L8,lin_f1,0.5935,0.5582,0.6288,0.018,5,mean +- 1.96 sd across refits
cath_arch,L8,xgb_acc,0.6628,0.6412,0.6844,0.011,5,mean +- 1.96 sd across refits
cath_arch,L8,xgb_f1,0.6174,0.5708,0.664,0.0238,5,mean +- 1.96 sd across refits
cath_arch,L9,lin_acc,0.6189,0.5795,0.6583,0.0201,5,mean +- 1.96 sd across refits
cath_arch,L9,lin_f1,0.5776,0.5241,0.6311,0.0273,5,mean +- 1.96 sd across refits
cath_arch,L9,xgb_acc,0.6631,0.6427,0.6835,0.0104,5,mean +- 1.96 sd across refits
cath_arch,L9,xgb_f1,0.6218,0.5997,0.6439,0.0113,5,mean +- 1.96 sd across refits
cath_arch,emb,lin_acc,0.3516,0.3318,0.3714,0.0101,5,mean +- 1.96 sd across refits
cath_arch,emb,lin_f1,0.2056,0.1835,0.2277,0.0113,5,mean +- 1.96 sd across refits
cath_arch,emb,xgb_acc,0.3837,0.3621,0.4053,0.011,5,mean +- 1.96 sd across refits
cath_arch,emb,xgb_f1,0.2541,0.2241,0.2841,0.0153,5,mean +- 1.96 sd across refits
cath_class,L1,lin_acc,0.6098,0.5751,0.6445,0.0177,5,mean +- 1.96 sd across refits
cath_class,L1,lin_f1,0.4109,0.3505,0.4713,0.0308,5,mean +- 1.96 sd across refits
cath_class,L1,xgb_acc,0.6384,0.6235,0.6533,0.0076,5,mean +- 1.96 sd across refits
cath_class,L1,xgb_f1,0.3785,0.344,0.413,0.0176,5,mean +- 1.96 sd across refits
cath_class,L10,lin_acc,0.759,0.7447,0.7733,0.0073,5,mean +- 1.96 sd across refits
cath_class,L10,lin_f1,0.5332,0.4862,0.5802,0.024,5,mean +- 1.96 sd across refits
cath_class,L10,xgb_acc,0.7979,0.7865,0.8093,0.0058,5,mean +- 1.96 sd across refits
cath_class,L10,xgb_f1,0.5514,0.5179,0.5849,0.0171,5,mean +- 1.96 sd across refits
cath_class,L11,lin_acc,0.7539,0.7296,0.7782,0.0124,5,mean +- 1.96 sd across refits
cath_class,L11,lin_f1,0.5354,0.4976,0.5732,0.0193,5,mean +- 1.96 sd across refits
cath_class,L11,xgb_acc,0.8,0.7851,0.8149,0.0076,5,mean +- 1.96 sd across refits
cath_class,L11,xgb_f1,0.5422,0.4908,0.5936,0.0262,5,mean +- 1.96 sd across refits
cath_class,L12,lin_acc,0.7544,0.7407,0.7681,0.007,5,mean +- 1.96 sd across refits
cath_class,L12,lin_f1,0.5155,0.4734,0.5576,0.0215,5,mean +- 1.96 sd across refits
cath_class,L12,xgb_acc,0.78,0.7604,0.7996,0.01,5,mean +- 1.96 sd across refits
cath_class,L12,xgb_f1,0.5006,0.4471,0.5541,0.0273,5,mean +- 1.96 sd across refits
cath_class,L2,lin_acc,0.6665,0.643,0.69,0.012,5,mean +- 1.96 sd across refits
cath_class,L2,lin_f1,0.4453,0.3998,0.4908,0.0232,5,mean +- 1.96 sd across refits
cath_class,L2,xgb_acc,0.6772,0.6625,0.6919,0.0075,5,mean +- 1.96 sd across refits
cath_class,L2,xgb_f1,0.4155,0.3806,0.4504,0.0178,5,mean +- 1.96 sd across refits
cath_class,L3,lin_acc,0.703,0.6601,0.7459,0.0219,5,mean +- 1.96 sd across refits
cath_class,L3,lin_f1,0.4726,0.4305,0.5147,0.0215,5,mean +- 1.96 sd across refits
cath_class,L3,xgb_acc,0.7302,0.7084,0.752,0.0111,5,mean +- 1.96 sd across refits
cath_class,L3,xgb_f1,0.4379,0.4044,0.4714,0.0171,5,mean +- 1.96 sd across refits
cath_class,L4,lin_acc,0.7294,0.7104,0.7484,0.0097,5,mean +- 1.96 sd across refits
cath_class,L4,lin_f1,0.4946,0.4462,0.543,0.0247,5,mean +- 1.96 sd across refits
cath_class,L4,xgb_acc,0.7581,0.7399,0.7763,0.0093,5,mean +- 1.96 sd across refits
cath_class,L4,xgb_f1,0.471,0.4275,0.5145,0.0222,5,mean +- 1.96 sd across refits
cath_class,L5,lin_acc,0.7444,0.7211,0.7677,0.0119,5,mean +- 1.96 sd across refits
cath_class,L5,lin_f1,0.5045,0.471,0.538,0.0171,5,mean +- 1.96 sd across refits
cath_class,L5,xgb_acc,0.7763,0.762,0.7906,0.0073,5,mean +- 1.96 sd across refits
cath_class,L5,xgb_f1,0.4872,0.419,0.5554,0.0348,5,mean +- 1.96 sd across refits
cath_class,L6,lin_acc,0.7472,0.7329,0.7615,0.0073,5,mean +- 1.96 sd across refits
cath_class,L6,lin_f1,0.5257,0.5051,0.5463,0.0105,5,mean +- 1.96 sd across refits
cath_class,L6,xgb_acc,0.7892,0.7708,0.8076,0.0094,5,mean +- 1.96 sd across refits
cath_class,L6,xgb_f1,0.5469,0.5112,0.5826,0.0182,5,mean +- 1.96 sd across refits
cath_class,L7,lin_acc,0.7634,0.7526,0.7742,0.0055,5,mean +- 1.96 sd across refits
cath_class,L7,lin_f1,0.5421,0.5182,0.566,0.0122,5,mean +- 1.96 sd across refits
cath_class,L7,xgb_acc,0.79,0.7826,0.7974,0.0038,5,mean +- 1.96 sd across refits
cath_class,L7,xgb_f1,0.5361,0.465,0.6072,0.0363,5,mean +- 1.96 sd across refits
cath_class,L8,lin_acc,0.7575,0.7395,0.7755,0.0092,5,mean +- 1.96 sd across refits
cath_class,L8,lin_f1,0.5296,0.491,0.5682,0.0197,5,mean +- 1.96 sd across refits
cath_class,L8,xgb_acc,0.7935,0.781,0.806,0.0064,5,mean +- 1.96 sd across refits
cath_class,L8,xgb_f1,0.5388,0.5127,0.5649,0.0133,5,mean +- 1.96 sd across refits
cath_class,L9,lin_acc,0.7617,0.7388,0.7846,0.0117,5,mean +- 1.96 sd across refits
cath_class,L9,lin_f1,0.5236,0.5028,0.5444,0.0106,5,mean +- 1.96 sd across refits
cath_class,L9,xgb_acc,0.7962,0.7846,0.8078,0.0059,5,mean +- 1.96 sd across refits
cath_class,L9,xgb_f1,0.5442,0.4997,0.5887,0.0227,5,mean +- 1.96 sd across refits
cath_class,emb,lin_acc,0.6352,0.6152,0.6552,0.0102,5,mean +- 1.96 sd across refits
cath_class,emb,lin_f1,0.362,0.3257,0.3983,0.0185,5,mean +- 1.96 sd across refits
cath_class,emb,xgb_acc,0.6338,0.6148,0.6528,0.0097,5,mean +- 1.96 sd across refits
cath_class,emb,xgb_f1,0.3773,0.3191,0.4355,0.0297,5,mean +- 1.96 sd across refits
cath_topol,L1,lin_acc,0.3454,0.3236,0.3672,0.0111,5,mean +- 1.96 sd across refits
cath_topol,L1,lin_f1,0.2599,0.2428,0.277,0.0087,5,mean +- 1.96 sd across refits
cath_topol,L1,xgb_acc,0.4085,0.3907,0.4263,0.0091,5,mean +- 1.96 sd across refits
cath_topol,L1,xgb_f1,0.2556,0.2301,0.2811,0.013,5,mean +- 1.96 sd across refits
cath_topol,L10,lin_acc,0.7269,0.7032,0.7506,0.0121,5,mean +- 1.96 sd across refits
cath_topol,L10,lin_f1,0.6566,0.6266,0.6866,0.0153,5,mean +- 1.96 sd across refits
cath_topol,L10,xgb_acc,0.7538,0.7142,0.7934,0.0202,5,mean +- 1.96 sd across refits
cath_topol,L10,xgb_f1,0.6738,0.6038,0.7438,0.0357,5,mean +- 1.96 sd across refits
cath_topol,L11,lin_acc,0.7169,0.691,0.7428,0.0132,5,mean +- 1.96 sd across refits
cath_topol,L11,lin_f1,0.6455,0.6175,0.6735,0.0143,5,mean +- 1.96 sd across refits
cath_topol,L11,xgb_acc,0.736,0.7093,0.7627,0.0136,5,mean +- 1.96 sd across refits
cath_topol,L11,xgb_f1,0.647,0.6117,0.6823,0.018,5,mean +- 1.96 sd across refits
cath_topol,L12,lin_acc,0.6972,0.6658,0.7286,0.016,5,mean +- 1.96 sd across refits
cath_topol,L12,lin_f1,0.6242,0.5817,0.6667,0.0217,5,mean +- 1.96 sd across refits
cath_topol,L12,xgb_acc,0.6767,0.6579,0.6955,0.0096,5,mean +- 1.96 sd across refits
cath_topol,L12,xgb_f1,0.5684,0.5576,0.5792,0.0055,5,mean +- 1.96 sd across refits
cath_topol,L2,lin_acc,0.3885,0.3552,0.4218,0.017,5,mean +- 1.96 sd across refits
cath_topol,L2,lin_f1,0.2884,0.2796,0.2972,0.0045,5,mean +- 1.96 sd across refits
cath_topol,L2,xgb_acc,0.4312,0.4077,0.4547,0.012,5,mean +- 1.96 sd across refits
cath_topol,L2,xgb_f1,0.2909,0.2513,0.3305,0.0202,5,mean +- 1.96 sd across refits
cath_topol,L3,lin_acc,0.4828,0.4448,0.5208,0.0194,5,mean +- 1.96 sd across refits
cath_topol,L3,lin_f1,0.3713,0.3223,0.4203,0.025,5,mean +- 1.96 sd across refits
cath_topol,L3,xgb_acc,0.5085,0.4644,0.5526,0.0225,5,mean +- 1.96 sd across refits
cath_topol,L3,xgb_f1,0.3726,0.3283,0.4169,0.0226,5,mean +- 1.96 sd across refits
cath_topol,L4,lin_acc,0.5857,0.5557,0.6157,0.0153,5,mean +- 1.96 sd across refits
cath_topol,L4,lin_f1,0.481,0.4467,0.5153,0.0175,5,mean +- 1.96 sd across refits
cath_topol,L4,xgb_acc,0.5993,0.5885,0.6101,0.0055,5,mean +- 1.96 sd across refits
cath_topol,L4,xgb_f1,0.4807,0.455,0.5064,0.0131,5,mean +- 1.96 sd across refits
cath_topol,L5,lin_acc,0.6686,0.6517,0.6855,0.0086,5,mean +- 1.96 sd across refits
cath_topol,L5,lin_f1,0.5761,0.5467,0.6055,0.015,5,mean +- 1.96 sd across refits
cath_topol,L5,xgb_acc,0.6891,0.6766,0.7016,0.0064,5,mean +- 1.96 sd across refits
cath_topol,L5,xgb_f1,0.5847,0.5606,0.6088,0.0123,5,mean +- 1.96 sd across refits
cath_topol,L6,lin_acc,0.7175,0.6952,0.7398,0.0114,5,mean +- 1.96 sd across refits
cath_topol,L6,lin_f1,0.6374,0.6047,0.6701,0.0167,5,mean +- 1.96 sd across refits
cath_topol,L6,xgb_acc,0.7411,0.719,0.7632,0.0113,5,mean +- 1.96 sd across refits
cath_topol,L6,xgb_f1,0.6579,0.616,0.6998,0.0214,5,mean +- 1.96 sd across refits
cath_topol,L7,lin_acc,0.7303,0.7232,0.7374,0.0036,5,mean +- 1.96 sd across refits
cath_topol,L7,lin_f1,0.6553,0.6163,0.6943,0.0199,5,mean +- 1.96 sd across refits
cath_topol,L7,xgb_acc,0.7514,0.7175,0.7853,0.0173,5,mean +- 1.96 sd across refits
cath_topol,L7,xgb_f1,0.6678,0.6347,0.7009,0.0169,5,mean +- 1.96 sd across refits
cath_topol,L8,lin_acc,0.7454,0.7211,0.7697,0.0124,5,mean +- 1.96 sd across refits
cath_topol,L8,lin_f1,0.6661,0.63,0.7022,0.0184,5,mean +- 1.96 sd across refits
cath_topol,L8,xgb_acc,0.7601,0.7166,0.8036,0.0222,5,mean +- 1.96 sd across refits
cath_topol,L8,xgb_f1,0.6814,0.615,0.7478,0.0339,5,mean +- 1.96 sd across refits
cath_topol,L9,lin_acc,0.733,0.7099,0.7561,0.0118,5,mean +- 1.96 sd across refits
cath_topol,L9,lin_f1,0.6584,0.6282,0.6886,0.0154,5,mean +- 1.96 sd across refits
cath_topol,L9,xgb_acc,0.7614,0.7357,0.7871,0.0131,5,mean +- 1.96 sd across refits
cath_topol,L9,xgb_f1,0.6847,0.6473,0.7221,0.0191,5,mean +- 1.96 sd across refits
cath_topol,emb,lin_acc,0.3683,0.3358,0.4008,0.0166,5,mean +- 1.96 sd across refits
cath_topol,emb,lin_f1,0.1818,0.1418,0.2218,0.0204,5,mean +- 1.96 sd across refits
cath_topol,emb,xgb_acc,0.379,0.3576,0.4004,0.0109,5,mean +- 1.96 sd across refits
cath_topol,emb,xgb_f1,0.2212,0.184,0.2584,0.019,5,mean +- 1.96 sd across refits
ec_class,L1,lin_acc,0.539,0.5092,0.5688,0.0152,5,mean +- 1.96 sd across refits
ec_class,L1,lin_f1,0.2795,0.2305,0.3285,0.025,5,mean +- 1.96 sd across refits
ec_class,L1,xgb_acc,0.6293,0.6197,0.6389,0.0049,5,mean +- 1.96 sd across refits
ec_class,L1,xgb_f1,0.2885,0.2556,0.3214,0.0168,5,mean +- 1.96 sd across refits
ec_class,L10,lin_acc,0.6522,0.6285,0.6759,0.0121,5,mean +- 1.96 sd across refits
ec_class,L10,lin_f1,0.5205,0.4629,0.5781,0.0294,5,mean +- 1.96 sd across refits
ec_class,L10,xgb_acc,0.713,0.6885,0.7375,0.0125,5,mean +- 1.96 sd across refits
ec_class,L10,xgb_f1,0.5355,0.4783,0.5927,0.0292,5,mean +- 1.96 sd across refits
ec_class,L11,lin_acc,0.6528,0.6438,0.6618,0.0046,5,mean +- 1.96 sd across refits
ec_class,L11,lin_f1,0.5173,0.4828,0.5518,0.0176,5,mean +- 1.96 sd across refits
ec_class,L11,xgb_acc,0.7187,0.7036,0.7338,0.0077,5,mean +- 1.96 sd across refits
ec_class,L11,xgb_f1,0.5449,0.4755,0.6143,0.0354,5,mean +- 1.96 sd across refits
ec_class,L12,lin_acc,0.6538,0.6348,0.6728,0.0097,5,mean +- 1.96 sd across refits
ec_class,L12,lin_f1,0.5049,0.4712,0.5386,0.0172,5,mean +- 1.96 sd across refits
ec_class,L12,xgb_acc,0.6934,0.6801,0.7067,0.0068,5,mean +- 1.96 sd across refits
ec_class,L12,xgb_f1,0.4376,0.3798,0.4954,0.0295,5,mean +- 1.96 sd across refits
ec_class,L2,lin_acc,0.5509,0.5301,0.5717,0.0106,5,mean +- 1.96 sd across refits
ec_class,L2,lin_f1,0.291,0.2747,0.3073,0.0083,5,mean +- 1.96 sd across refits
ec_class,L2,xgb_acc,0.6363,0.6102,0.6624,0.0133,5,mean +- 1.96 sd across refits
ec_class,L2,xgb_f1,0.3001,0.266,0.3342,0.0174,5,mean +- 1.96 sd across refits
ec_class,L3,lin_acc,0.5694,0.5559,0.5829,0.0069,5,mean +- 1.96 sd across refits
ec_class,L3,lin_f1,0.3349,0.2996,0.3702,0.018,5,mean +- 1.96 sd across refits
ec_class,L3,xgb_acc,0.6456,0.6203,0.6709,0.0129,5,mean +- 1.96 sd across refits
ec_class,L3,xgb_f1,0.3339,0.2841,0.3837,0.0254,5,mean +- 1.96 sd across refits
ec_class,L4,lin_acc,0.5888,0.5712,0.6064,0.009,5,mean +- 1.96 sd across refits
ec_class,L4,lin_f1,0.378,0.3729,0.3831,0.0026,5,mean +- 1.96 sd across refits
ec_class,L4,xgb_acc,0.6577,0.6356,0.6798,0.0113,5,mean +- 1.96 sd across refits
ec_class,L4,xgb_f1,0.3586,0.3198,0.3974,0.0198,5,mean +- 1.96 sd across refits
ec_class,L5,lin_acc,0.6196,0.58,0.6592,0.0202,5,mean +- 1.96 sd across refits
ec_class,L5,lin_f1,0.4585,0.4266,0.4904,0.0163,5,mean +- 1.96 sd across refits
ec_class,L5,xgb_acc,0.6913,0.6601,0.7225,0.0159,5,mean +- 1.96 sd across refits
ec_class,L5,xgb_f1,0.457,0.4015,0.5125,0.0283,5,mean +- 1.96 sd across refits
ec_class,L6,lin_acc,0.6553,0.6359,0.6747,0.0099,5,mean +- 1.96 sd across refits
ec_class,L6,lin_f1,0.5059,0.4381,0.5737,0.0346,5,mean +- 1.96 sd across refits
ec_class,L6,xgb_acc,0.7123,0.6982,0.7264,0.0072,5,mean +- 1.96 sd across refits
ec_class,L6,xgb_f1,0.5303,0.4686,0.592,0.0315,5,mean +- 1.96 sd across refits
ec_class,L7,lin_acc,0.6622,0.6481,0.6763,0.0072,5,mean +- 1.96 sd across refits
ec_class,L7,lin_f1,0.5154,0.5021,0.5287,0.0068,5,mean +- 1.96 sd across refits
ec_class,L7,xgb_acc,0.7209,0.695,0.7468,0.0132,5,mean +- 1.96 sd across refits
ec_class,L7,xgb_f1,0.549,0.5057,0.5923,0.0221,5,mean +- 1.96 sd across refits
ec_class,L8,lin_acc,0.658,0.6413,0.6747,0.0085,5,mean +- 1.96 sd across refits
ec_class,L8,lin_f1,0.5204,0.464,0.5768,0.0288,5,mean +- 1.96 sd across refits
ec_class,L8,xgb_acc,0.7205,0.7017,0.7393,0.0096,5,mean +- 1.96 sd across refits
ec_class,L8,xgb_f1,0.5486,0.4943,0.6029,0.0277,5,mean +- 1.96 sd across refits
ec_class,L9,lin_acc,0.653,0.6361,0.6699,0.0086,5,mean +- 1.96 sd across refits
ec_class,L9,lin_f1,0.5292,0.479,0.5794,0.0256,5,mean +- 1.96 sd across refits
ec_class,L9,xgb_acc,0.7173,0.7075,0.7271,0.005,5,mean +- 1.96 sd across refits
ec_class,L9,xgb_f1,0.5496,0.5026,0.5966,0.024,5,mean +- 1.96 sd across refits
ec_class,emb,lin_acc,0.5886,0.569,0.6082,0.01,5,mean +- 1.96 sd across refits
ec_class,emb,lin_f1,0.1076,0.1045,0.1107,0.0016,5,mean +- 1.96 sd across refits
ec_class,emb,xgb_acc,0.624,0.6081,0.6399,0.0081,5,mean +- 1.96 sd across refits
ec_class,emb,xgb_f1,0.2728,0.2132,0.3324,0.0304,5,mean +- 1.96 sd across refits
enzyme,L1,lin_acc,0.6807,0.6537,0.7077,0.0138,5,mean +- 1.96 sd across refits
enzyme,L1,lin_f1,0.6687,0.6397,0.6977,0.0148,5,mean +- 1.96 sd across refits
enzyme,L1,xgb_acc,0.6997,0.6805,0.7189,0.0098,5,mean +- 1.96 sd across refits
enzyme,L1,xgb_f1,0.6836,0.6603,0.7069,0.0119,5,mean +- 1.96 sd across refits
enzyme,L10,lin_acc,0.7303,0.7097,0.7509,0.0105,5,mean +- 1.96 sd across refits
enzyme,L10,lin_f1,0.7194,0.6986,0.7402,0.0106,5,mean +- 1.96 sd across refits
enzyme,L10,xgb_acc,0.7627,0.7364,0.789,0.0134,5,mean +- 1.96 sd across refits
enzyme,L10,xgb_f1,0.7511,0.7248,0.7774,0.0134,5,mean +- 1.96 sd across refits
enzyme,L11,lin_acc,0.7346,0.7191,0.7501,0.0079,5,mean +- 1.96 sd across refits
enzyme,L11,lin_f1,0.7246,0.7107,0.7385,0.0071,5,mean +- 1.96 sd across refits
enzyme,L11,xgb_acc,0.7677,0.7365,0.7989,0.0159,5,mean +- 1.96 sd across refits
enzyme,L11,xgb_f1,0.7566,0.726,0.7872,0.0156,5,mean +- 1.96 sd across refits
enzyme,L12,lin_acc,0.7434,0.7295,0.7573,0.0071,5,mean +- 1.96 sd across refits
enzyme,L12,lin_f1,0.7331,0.716,0.7502,0.0087,5,mean +- 1.96 sd across refits
enzyme,L12,xgb_acc,0.7523,0.745,0.7596,0.0037,5,mean +- 1.96 sd across refits
enzyme,L12,xgb_f1,0.7394,0.728,0.7508,0.0058,5,mean +- 1.96 sd across refits
enzyme,L2,lin_acc,0.6826,0.6583,0.7069,0.0124,5,mean +- 1.96 sd across refits
enzyme,L2,lin_f1,0.6715,0.6499,0.6931,0.011,5,mean +- 1.96 sd across refits
enzyme,L2,xgb_acc,0.7161,0.7051,0.7271,0.0056,5,mean +- 1.96 sd across refits
enzyme,L2,xgb_f1,0.7003,0.6852,0.7154,0.0077,5,mean +- 1.96 sd across refits
enzyme,L3,lin_acc,0.7026,0.6752,0.73,0.014,5,mean +- 1.96 sd across refits
enzyme,L3,lin_f1,0.6919,0.6623,0.7215,0.0151,5,mean +- 1.96 sd across refits
enzyme,L3,xgb_acc,0.7225,0.7078,0.7372,0.0075,5,mean +- 1.96 sd across refits
enzyme,L3,xgb_f1,0.7079,0.6948,0.721,0.0067,5,mean +- 1.96 sd across refits
enzyme,L4,lin_acc,0.7077,0.6807,0.7347,0.0138,5,mean +- 1.96 sd across refits
enzyme,L4,lin_f1,0.6969,0.671,0.7228,0.0132,5,mean +- 1.96 sd across refits
enzyme,L4,xgb_acc,0.7299,0.7025,0.7573,0.014,5,mean +- 1.96 sd across refits
enzyme,L4,xgb_f1,0.7161,0.6904,0.7418,0.0131,5,mean +- 1.96 sd across refits
enzyme,L5,lin_acc,0.7176,0.6872,0.748,0.0155,5,mean +- 1.96 sd across refits
enzyme,L5,lin_f1,0.7055,0.6775,0.7335,0.0143,5,mean +- 1.96 sd across refits
enzyme,L5,xgb_acc,0.7593,0.7287,0.7899,0.0156,5,mean +- 1.96 sd across refits
enzyme,L5,xgb_f1,0.7474,0.7188,0.776,0.0146,5,mean +- 1.96 sd across refits
enzyme,L6,lin_acc,0.7435,0.7204,0.7666,0.0118,5,mean +- 1.96 sd across refits
enzyme,L6,lin_f1,0.733,0.7091,0.7569,0.0122,5,mean +- 1.96 sd across refits
enzyme,L6,xgb_acc,0.7676,0.7525,0.7827,0.0077,5,mean +- 1.96 sd across refits
enzyme,L6,xgb_f1,0.7555,0.74,0.771,0.0079,5,mean +- 1.96 sd across refits
enzyme,L7,lin_acc,0.7315,0.7221,0.7409,0.0048,5,mean +- 1.96 sd across refits
enzyme,L7,lin_f1,0.7187,0.7116,0.7258,0.0036,5,mean +- 1.96 sd across refits
enzyme,L7,xgb_acc,0.7603,0.7427,0.7779,0.009,5,mean +- 1.96 sd across refits
enzyme,L7,xgb_f1,0.7477,0.7297,0.7657,0.0092,5,mean +- 1.96 sd across refits
enzyme,L8,lin_acc,0.7334,0.722,0.7448,0.0058,5,mean +- 1.96 sd across refits
enzyme,L8,lin_f1,0.7214,0.7106,0.7322,0.0055,5,mean +- 1.96 sd across refits
enzyme,L8,xgb_acc,0.7635,0.7517,0.7753,0.006,5,mean +- 1.96 sd across refits
enzyme,L8,xgb_f1,0.7527,0.7429,0.7625,0.005,5,mean +- 1.96 sd across refits
enzyme,L9,lin_acc,0.7295,0.7105,0.7485,0.0097,5,mean +- 1.96 sd across refits
enzyme,L9,lin_f1,0.7172,0.6974,0.737,0.0101,5,mean +- 1.96 sd across refits
enzyme,L9,xgb_acc,0.7554,0.7274,0.7834,0.0143,5,mean +- 1.96 sd across refits
enzyme,L9,xgb_f1,0.7431,0.7174,0.7688,0.0131,5,mean +- 1.96 sd across refits
enzyme,emb,lin_acc,0.582,0.562,0.602,0.0102,5,mean +- 1.96 sd across refits
enzyme,emb,lin_f1,0.5026,0.4746,0.5306,0.0143,5,mean +- 1.96 sd across refits
enzyme,emb,xgb_acc,0.6834,0.6648,0.702,0.0095,5,mean +- 1.96 sd across refits
enzyme,emb,xgb_f1,0.6678,0.6476,0.688,0.0103,5,mean +- 1.96 sd across refits
is_dna_binding,L1,lin_acc,0.8814,0.8602,0.9026,0.0108,5,mean +- 1.96 sd across refits
is_dna_binding,L1,lin_f1,0.6072,0.58,0.6344,0.0139,5,mean +- 1.96 sd across refits
is_dna_binding,L1,xgb_acc,0.9081,0.8932,0.923,0.0076,5,mean +- 1.96 sd across refits
is_dna_binding,L1,xgb_f1,0.5773,0.5479,0.6067,0.015,5,mean +- 1.96 sd across refits
is_dna_binding,L10,lin_acc,0.9183,0.8975,0.9391,0.0106,5,mean +- 1.96 sd across refits
is_dna_binding,L10,lin_f1,0.7563,0.7434,0.7692,0.0066,5,mean +- 1.96 sd across refits
is_dna_binding,L10,xgb_acc,0.9338,0.9281,0.9395,0.0029,5,mean +- 1.96 sd across refits
is_dna_binding,L10,xgb_f1,0.7676,0.7298,0.8054,0.0193,5,mean +- 1.96 sd across refits
is_dna_binding,L11,lin_acc,0.9105,0.8948,0.9262,0.008,5,mean +- 1.96 sd across refits
is_dna_binding,L11,lin_f1,0.7366,0.7176,0.7556,0.0097,5,mean +- 1.96 sd across refits
is_dna_binding,L11,xgb_acc,0.9343,0.9184,0.9502,0.0081,5,mean +- 1.96 sd across refits
is_dna_binding,L11,xgb_f1,0.7684,0.7178,0.819,0.0258,5,mean +- 1.96 sd across refits
is_dna_binding,L12,lin_acc,0.9199,0.8999,0.9399,0.0102,5,mean +- 1.96 sd across refits
is_dna_binding,L12,lin_f1,0.7563,0.7363,0.7763,0.0102,5,mean +- 1.96 sd across refits
is_dna_binding,L12,xgb_acc,0.9314,0.9185,0.9443,0.0066,5,mean +- 1.96 sd across refits
is_dna_binding,L12,xgb_f1,0.7372,0.6839,0.7905,0.0272,5,mean +- 1.96 sd across refits
is_dna_binding,L2,lin_acc,0.8865,0.8687,0.9043,0.0091,5,mean +- 1.96 sd across refits
is_dna_binding,L2,lin_f1,0.6182,0.5843,0.6521,0.0173,5,mean +- 1.96 sd across refits
is_dna_binding,L2,xgb_acc,0.9078,0.8919,0.9237,0.0081,5,mean +- 1.96 sd across refits
is_dna_binding,L2,xgb_f1,0.5818,0.5471,0.6165,0.0177,5,mean +- 1.96 sd across refits
is_dna_binding,L3,lin_acc,0.8887,0.8728,0.9046,0.0081,5,mean +- 1.96 sd across refits
is_dna_binding,L3,lin_f1,0.6339,0.6137,0.6541,0.0103,5,mean +- 1.96 sd across refits
is_dna_binding,L3,xgb_acc,0.9117,0.8984,0.925,0.0068,5,mean +- 1.96 sd across refits
is_dna_binding,L3,xgb_f1,0.6141,0.5857,0.6425,0.0145,5,mean +- 1.96 sd across refits
is_dna_binding,L4,lin_acc,0.9039,0.8949,0.9129,0.0046,5,mean +- 1.96 sd across refits
is_dna_binding,L4,lin_f1,0.698,0.6657,0.7303,0.0165,5,mean +- 1.96 sd across refits
is_dna_binding,L4,xgb_acc,0.9207,0.9031,0.9383,0.009,5,mean +- 1.96 sd across refits
is_dna_binding,L4,xgb_f1,0.6745,0.6422,0.7068,0.0165,5,mean +- 1.96 sd across refits
is_dna_binding,L5,lin_acc,0.9078,0.8935,0.9221,0.0073,5,mean +- 1.96 sd across refits
is_dna_binding,L5,lin_f1,0.7297,0.714,0.7454,0.008,5,mean +- 1.96 sd across refits
is_dna_binding,L5,xgb_acc,0.9357,0.9192,0.9522,0.0084,5,mean +- 1.96 sd across refits
is_dna_binding,L5,xgb_f1,0.7566,0.736,0.7772,0.0105,5,mean +- 1.96 sd across refits
is_dna_binding,L6,lin_acc,0.9146,0.8964,0.9328,0.0093,5,mean +- 1.96 sd across refits
is_dna_binding,L6,lin_f1,0.7504,0.7332,0.7676,0.0088,5,mean +- 1.96 sd across refits
is_dna_binding,L6,xgb_acc,0.9343,0.9194,0.9492,0.0076,5,mean +- 1.96 sd across refits
is_dna_binding,L6,xgb_f1,0.7675,0.7352,0.7998,0.0165,5,mean +- 1.96 sd across refits
is_dna_binding,L7,lin_acc,0.9185,0.9083,0.9287,0.0052,5,mean +- 1.96 sd across refits
is_dna_binding,L7,lin_f1,0.7606,0.722,0.7992,0.0197,5,mean +- 1.96 sd across refits
is_dna_binding,L7,xgb_acc,0.937,0.9247,0.9493,0.0063,5,mean +- 1.96 sd across refits
is_dna_binding,L7,xgb_f1,0.778,0.7523,0.8037,0.0131,5,mean +- 1.96 sd across refits
is_dna_binding,L8,lin_acc,0.9182,0.9074,0.929,0.0055,5,mean +- 1.96 sd across refits
is_dna_binding,L8,lin_f1,0.7567,0.7361,0.7773,0.0105,5,mean +- 1.96 sd across refits
is_dna_binding,L8,xgb_acc,0.9384,0.9288,0.948,0.0049,5,mean +- 1.96 sd across refits
is_dna_binding,L8,xgb_f1,0.7833,0.7455,0.8211,0.0193,5,mean +- 1.96 sd across refits
is_dna_binding,L9,lin_acc,0.9185,0.8936,0.9434,0.0127,5,mean +- 1.96 sd across refits
is_dna_binding,L9,lin_f1,0.7606,0.7249,0.7963,0.0182,5,mean +- 1.96 sd across refits
is_dna_binding,L9,xgb_acc,0.9374,0.9266,0.9482,0.0055,5,mean +- 1.96 sd across refits
is_dna_binding,L9,xgb_f1,0.7793,0.7517,0.8069,0.0141,5,mean +- 1.96 sd across refits
is_dna_binding,emb,lin_acc,0.9034,0.8858,0.921,0.009,5,mean +- 1.96 sd across refits
is_dna_binding,emb,lin_f1,0.5105,0.4848,0.5362,0.0131,5,mean +- 1.96 sd across refits
is_dna_binding,emb,xgb_acc,0.9064,0.8882,0.9246,0.0093,5,mean +- 1.96 sd across refits
is_dna_binding,emb,xgb_f1,0.5857,0.5545,0.6169,0.0159,5,mean +- 1.96 sd across refits
is_glyco,L1,lin_acc,0.897,0.8847,0.9093,0.0063,5,mean +- 1.96 sd across refits
is_glyco,L1,lin_f1,0.6787,0.6609,0.6965,0.0091,5,mean +- 1.96 sd across refits
is_glyco,L1,xgb_acc,0.9212,0.9112,0.9312,0.0051,5,mean +- 1.96 sd across refits
is_glyco,L1,xgb_f1,0.6866,0.6327,0.7405,0.0275,5,mean +- 1.96 sd across refits
is_glyco,L10,lin_acc,0.9252,0.9185,0.9319,0.0034,5,mean +- 1.96 sd across refits
is_glyco,L10,lin_f1,0.7703,0.7411,0.7995,0.0149,5,mean +- 1.96 sd across refits
is_glyco,L10,xgb_acc,0.942,0.9363,0.9477,0.0029,5,mean +- 1.96 sd across refits
is_glyco,L10,xgb_f1,0.7976,0.7684,0.8268,0.0149,5,mean +- 1.96 sd across refits
is_glyco,L11,lin_acc,0.9295,0.9158,0.9432,0.007,5,mean +- 1.96 sd across refits
is_glyco,L11,lin_f1,0.7852,0.7427,0.8277,0.0217,5,mean +- 1.96 sd across refits
is_glyco,L11,xgb_acc,0.9454,0.9407,0.9501,0.0024,5,mean +- 1.96 sd across refits
is_glyco,L11,xgb_f1,0.8103,0.7887,0.8319,0.011,5,mean +- 1.96 sd across refits
is_glyco,L12,lin_acc,0.9316,0.9173,0.9459,0.0073,5,mean +- 1.96 sd across refits
is_glyco,L12,lin_f1,0.7901,0.7387,0.8415,0.0262,5,mean +- 1.96 sd across refits
is_glyco,L12,xgb_acc,0.9485,0.9422,0.9548,0.0032,5,mean +- 1.96 sd across refits
is_glyco,L12,xgb_f1,0.8185,0.7811,0.8559,0.0191,5,mean +- 1.96 sd across refits
is_glyco,L2,lin_acc,0.9027,0.8892,0.9162,0.0069,5,mean +- 1.96 sd across refits
is_glyco,L2,lin_f1,0.6947,0.6675,0.7219,0.0139,5,mean +- 1.96 sd across refits
is_glyco,L2,xgb_acc,0.9255,0.92,0.931,0.0028,5,mean +- 1.96 sd across refits
is_glyco,L2,xgb_f1,0.7086,0.6849,0.7323,0.0121,5,mean +- 1.96 sd across refits
is_glyco,L3,lin_acc,0.908,0.8908,0.9252,0.0088,5,mean +- 1.96 sd across refits
is_glyco,L3,lin_f1,0.7243,0.6724,0.7762,0.0265,5,mean +- 1.96 sd across refits
is_glyco,L3,xgb_acc,0.9343,0.9272,0.9414,0.0036,5,mean +- 1.96 sd across refits
is_glyco,L3,xgb_f1,0.7538,0.726,0.7816,0.0142,5,mean +- 1.96 sd across refits
is_glyco,L4,lin_acc,0.9117,0.8958,0.9276,0.0081,5,mean +- 1.96 sd across refits
is_glyco,L4,lin_f1,0.7356,0.6827,0.7885,0.027,5,mean +- 1.96 sd across refits
is_glyco,L4,xgb_acc,0.937,0.9319,0.9421,0.0026,5,mean +- 1.96 sd across refits
is_glyco,L4,xgb_f1,0.7641,0.7325,0.7957,0.0161,5,mean +- 1.96 sd across refits
is_glyco,L5,lin_acc,0.9231,0.9153,0.9309,0.004,5,mean +- 1.96 sd across refits
is_glyco,L5,lin_f1,0.7702,0.7406,0.7998,0.0151,5,mean +- 1.96 sd across refits
is_glyco,L5,xgb_acc,0.9442,0.934,0.9544,0.0052,5,mean +- 1.96 sd across refits
is_glyco,L5,xgb_f1,0.8047,0.7665,0.8429,0.0195,5,mean +- 1.96 sd across refits
is_glyco,L6,lin_acc,0.9267,0.9193,0.9341,0.0038,5,mean +- 1.96 sd across refits
is_glyco,L6,lin_f1,0.7755,0.7416,0.8094,0.0173,5,mean +- 1.96 sd across refits
is_glyco,L6,xgb_acc,0.9433,0.9386,0.948,0.0024,5,mean +- 1.96 sd across refits
is_glyco,L6,xgb_f1,0.7973,0.761,0.8336,0.0185,5,mean +- 1.96 sd across refits
is_glyco,L7,lin_acc,0.926,0.9207,0.9313,0.0027,5,mean +- 1.96 sd across refits
is_glyco,L7,lin_f1,0.7769,0.7593,0.7945,0.009,5,mean +- 1.96 sd across refits
is_glyco,L7,xgb_acc,0.9438,0.9342,0.9534,0.0049,5,mean +- 1.96 sd across refits
is_glyco,L7,xgb_f1,0.807,0.7784,0.8356,0.0146,5,mean +- 1.96 sd across refits
is_glyco,L8,lin_acc,0.9261,0.9155,0.9367,0.0054,5,mean +- 1.96 sd across refits
is_glyco,L8,lin_f1,0.7739,0.7527,0.7951,0.0108,5,mean +- 1.96 sd across refits
is_glyco,L8,xgb_acc,0.9452,0.9364,0.954,0.0045,5,mean +- 1.96 sd across refits
is_glyco,L8,xgb_f1,0.8102,0.7737,0.8467,0.0186,5,mean +- 1.96 sd across refits
is_glyco,L9,lin_acc,0.9278,0.9156,0.94,0.0062,5,mean +- 1.96 sd across refits
is_glyco,L9,lin_f1,0.7817,0.7445,0.8189,0.019,5,mean +- 1.96 sd across refits
is_glyco,L9,xgb_acc,0.9437,0.9388,0.9486,0.0025,5,mean +- 1.96 sd across refits
is_glyco,L9,xgb_f1,0.8016,0.7791,0.8241,0.0115,5,mean +- 1.96 sd across refits
is_glyco,emb,lin_acc,0.9047,0.8959,0.9135,0.0045,5,mean +- 1.96 sd across refits
is_glyco,emb,lin_f1,0.5704,0.5255,0.6153,0.0229,5,mean +- 1.96 sd across refits
is_glyco,emb,xgb_acc,0.9188,0.9104,0.9272,0.0043,5,mean +- 1.96 sd across refits
is_glyco,emb,xgb_f1,0.6886,0.639,0.7382,0.0253,5,mean +- 1.96 sd across refits
is_immune,L1,lin_acc,0.9493,0.9403,0.9583,0.0046,5,mean +- 1.96 sd across refits
is_immune,L1,lin_f1,0.603,0.5501,0.6559,0.027,5,mean +- 1.96 sd across refits
is_immune,L1,xgb_acc,0.9682,0.9627,0.9737,0.0028,5,mean +- 1.96 sd across refits
is_immune,L1,xgb_f1,0.6219,0.5553,0.6885,0.034,5,mean +- 1.96 sd across refits
is_immune,L10,lin_acc,0.9687,0.963,0.9744,0.0029,5,mean +- 1.96 sd across refits
is_immune,L10,lin_f1,0.748,0.721,0.775,0.0138,5,mean +- 1.96 sd across refits
is_immune,L10,xgb_acc,0.9789,0.9716,0.9862,0.0037,5,mean +- 1.96 sd across refits
is_immune,L10,xgb_f1,0.7869,0.6793,0.8945,0.0549,5,mean +- 1.96 sd across refits
is_immune,L11,lin_acc,0.9663,0.9581,0.9745,0.0042,5,mean +- 1.96 sd across refits
is_immune,L11,lin_f1,0.7396,0.6594,0.8198,0.0409,5,mean +- 1.96 sd across refits
is_immune,L11,xgb_acc,0.9789,0.9746,0.9832,0.0022,5,mean +- 1.96 sd across refits
is_immune,L11,xgb_f1,0.7797,0.689,0.8704,0.0463,5,mean +- 1.96 sd across refits
is_immune,L12,lin_acc,0.9694,0.9653,0.9735,0.0021,5,mean +- 1.96 sd across refits
is_immune,L12,lin_f1,0.7474,0.6719,0.8229,0.0385,5,mean +- 1.96 sd across refits
is_immune,L12,xgb_acc,0.9777,0.972,0.9834,0.0029,5,mean +- 1.96 sd across refits
is_immune,L12,xgb_f1,0.7666,0.6553,0.8779,0.0568,5,mean +- 1.96 sd across refits
is_immune,L2,lin_acc,0.9517,0.9403,0.9631,0.0058,5,mean +- 1.96 sd across refits
is_immune,L2,lin_f1,0.6324,0.5605,0.7043,0.0367,5,mean +- 1.96 sd across refits
is_immune,L2,xgb_acc,0.9689,0.9656,0.9722,0.0017,5,mean +- 1.96 sd across refits
is_immune,L2,xgb_f1,0.6303,0.594,0.6666,0.0185,5,mean +- 1.96 sd across refits
is_immune,L3,lin_acc,0.9552,0.944,0.9664,0.0057,5,mean +- 1.96 sd across refits
is_immune,L3,lin_f1,0.6466,0.5578,0.7354,0.0453,5,mean +- 1.96 sd across refits
is_immune,L3,xgb_acc,0.9701,0.9664,0.9738,0.0019,5,mean +- 1.96 sd across refits
is_immune,L3,xgb_f1,0.6592,0.5761,0.7423,0.0424,5,mean +- 1.96 sd across refits
is_immune,L4,lin_acc,0.9661,0.9555,0.9767,0.0054,5,mean +- 1.96 sd across refits
is_immune,L4,lin_f1,0.7276,0.6502,0.805,0.0395,5,mean +- 1.96 sd across refits
is_immune,L4,xgb_acc,0.9772,0.9713,0.9831,0.003,5,mean +- 1.96 sd across refits
is_immune,L4,xgb_f1,0.7646,0.6686,0.8606,0.049,5,mean +- 1.96 sd across refits
is_immune,L5,lin_acc,0.9695,0.9613,0.9777,0.0042,5,mean +- 1.96 sd across refits
is_immune,L5,lin_f1,0.7526,0.6624,0.8428,0.046,5,mean +- 1.96 sd across refits
is_immune,L5,xgb_acc,0.9779,0.9712,0.9846,0.0034,5,mean +- 1.96 sd across refits
is_immune,L5,xgb_f1,0.7732,0.6748,0.8716,0.0502,5,mean +- 1.96 sd across refits
is_immune,L6,lin_acc,0.9699,0.9591,0.9807,0.0055,5,mean +- 1.96 sd across refits
is_immune,L6,lin_f1,0.7548,0.6586,0.851,0.0491,5,mean +- 1.96 sd across refits
is_immune,L6,xgb_acc,0.9787,0.9718,0.9856,0.0035,5,mean +- 1.96 sd across refits
is_immune,L6,xgb_f1,0.7896,0.6847,0.8945,0.0535,5,mean +- 1.96 sd across refits
is_immune,L7,lin_acc,0.9694,0.9635,0.9753,0.003,5,mean +- 1.96 sd across refits
is_immune,L7,lin_f1,0.7478,0.6682,0.8274,0.0406,5,mean +- 1.96 sd across refits
is_immune,L7,xgb_acc,0.9782,0.9715,0.9849,0.0034,5,mean +- 1.96 sd across refits
is_immune,L7,xgb_f1,0.7809,0.6854,0.8764,0.0487,5,mean +- 1.96 sd across refits
is_immune,L8,lin_acc,0.9683,0.9628,0.9738,0.0028,5,mean +- 1.96 sd across refits
is_immune,L8,lin_f1,0.7448,0.6627,0.8269,0.0419,5,mean +- 1.96 sd across refits
is_immune,L8,xgb_acc,0.9784,0.9704,0.9864,0.0041,5,mean +- 1.96 sd across refits
is_immune,L8,xgb_f1,0.7824,0.6693,0.8955,0.0577,5,mean +- 1.96 sd across refits
is_immune,L9,lin_acc,0.9658,0.957,0.9746,0.0045,5,mean +- 1.96 sd across refits
is_immune,L9,lin_f1,0.733,0.6673,0.7987,0.0335,5,mean +- 1.96 sd across refits
is_immune,L9,xgb_acc,0.9784,0.9719,0.9849,0.0033,5,mean +- 1.96 sd across refits
is_immune,L9,xgb_f1,0.78,0.6796,0.8804,0.0512,5,mean +- 1.96 sd across refits
is_immune,emb,lin_acc,0.9643,0.9594,0.9692,0.0025,5,mean +- 1.96 sd across refits
is_immune,emb,lin_f1,0.5048,0.4793,0.5303,0.013,5,mean +- 1.96 sd across refits
is_immune,emb,xgb_acc,0.9682,0.9637,0.9727,0.0023,5,mean +- 1.96 sd across refits
is_immune,emb,xgb_f1,0.6126,0.5534,0.6718,0.0302,5,mean +- 1.96 sd across refits
is_kinase,L1,lin_acc,0.9364,0.9256,0.9472,0.0055,5,mean +- 1.96 sd across refits
is_kinase,L1,lin_f1,0.5695,0.5117,0.6273,0.0295,5,mean +- 1.96 sd across refits
is_kinase,L1,xgb_acc,0.9593,0.9509,0.9677,0.0043,5,mean +- 1.96 sd across refits
is_kinase,L1,xgb_f1,0.5803,0.4984,0.6622,0.0418,5,mean +- 1.96 sd across refits
is_kinase,L10,lin_acc,0.9636,0.9554,0.9718,0.0042,5,mean +- 1.96 sd across refits
is_kinase,L10,lin_f1,0.7793,0.746,0.8126,0.017,5,mean +- 1.96 sd across refits
is_kinase,L10,xgb_acc,0.9726,0.962,0.9832,0.0054,5,mean +- 1.96 sd across refits
is_kinase,L10,xgb_f1,0.7949,0.7435,0.8463,0.0262,5,mean +- 1.96 sd across refits
is_kinase,L11,lin_acc,0.9612,0.9569,0.9655,0.0022,5,mean +- 1.96 sd across refits
is_kinase,L11,lin_f1,0.775,0.737,0.813,0.0194,5,mean +- 1.96 sd across refits
is_kinase,L11,xgb_acc,0.9718,0.963,0.9806,0.0045,5,mean +- 1.96 sd across refits
is_kinase,L11,xgb_f1,0.7791,0.7244,0.8338,0.0279,5,mean +- 1.96 sd across refits
is_kinase,L12,lin_acc,0.961,0.9504,0.9716,0.0054,5,mean +- 1.96 sd across refits
is_kinase,L12,lin_f1,0.7625,0.729,0.796,0.0171,5,mean +- 1.96 sd across refits
is_kinase,L12,xgb_acc,0.9678,0.958,0.9776,0.005,5,mean +- 1.96 sd across refits
is_kinase,L12,xgb_f1,0.7215,0.6296,0.8134,0.0469,5,mean +- 1.96 sd across refits
is_kinase,L2,lin_acc,0.9386,0.9147,0.9625,0.0122,5,mean +- 1.96 sd across refits
is_kinase,L2,lin_f1,0.5942,0.5272,0.6612,0.0342,5,mean +- 1.96 sd across refits
is_kinase,L2,xgb_acc,0.9598,0.9524,0.9672,0.0038,5,mean +- 1.96 sd across refits
is_kinase,L2,xgb_f1,0.5856,0.4994,0.6718,0.044,5,mean +- 1.96 sd across refits
is_kinase,L3,lin_acc,0.9447,0.9259,0.9635,0.0096,5,mean +- 1.96 sd across refits
is_kinase,L3,lin_f1,0.6453,0.5769,0.7137,0.0349,5,mean +- 1.96 sd across refits
is_kinase,L3,xgb_acc,0.9636,0.9542,0.973,0.0048,5,mean +- 1.96 sd across refits
is_kinase,L3,xgb_f1,0.6531,0.618,0.6882,0.0179,5,mean +- 1.96 sd across refits
is_kinase,L4,lin_acc,0.9511,0.9384,0.9638,0.0065,5,mean +- 1.96 sd across refits
is_kinase,L4,lin_f1,0.6986,0.6394,0.7578,0.0302,5,mean +- 1.96 sd across refits
is_kinase,L4,xgb_acc,0.9682,0.9604,0.976,0.004,5,mean +- 1.96 sd across refits
is_kinase,L4,xgb_f1,0.7189,0.6385,0.7993,0.041,5,mean +- 1.96 sd across refits
is_kinase,L5,lin_acc,0.9551,0.9373,0.9729,0.0091,5,mean +- 1.96 sd across refits
is_kinase,L5,lin_f1,0.7158,0.6668,0.7648,0.025,5,mean +- 1.96 sd across refits
is_kinase,L5,xgb_acc,0.9699,0.9603,0.9795,0.0049,5,mean +- 1.96 sd across refits
is_kinase,L5,xgb_f1,0.7523,0.6886,0.816,0.0325,5,mean +- 1.96 sd across refits
is_kinase,L6,lin_acc,0.9649,0.96,0.9698,0.0025,5,mean +- 1.96 sd across refits
is_kinase,L6,lin_f1,0.7749,0.7414,0.8084,0.0171,5,mean +- 1.96 sd across refits
is_kinase,L6,xgb_acc,0.9721,0.9631,0.9811,0.0046,5,mean +- 1.96 sd across refits
is_kinase,L6,xgb_f1,0.7839,0.7443,0.8235,0.0202,5,mean +- 1.96 sd across refits
is_kinase,L7,lin_acc,0.9631,0.9602,0.966,0.0015,5,mean +- 1.96 sd across refits
is_kinase,L7,lin_f1,0.7716,0.7498,0.7934,0.0111,5,mean +- 1.96 sd across refits
is_kinase,L7,xgb_acc,0.9741,0.9655,0.9827,0.0044,5,mean +- 1.96 sd across refits
is_kinase,L7,xgb_f1,0.8041,0.7667,0.8415,0.0191,5,mean +- 1.96 sd across refits
is_kinase,L8,lin_acc,0.9665,0.9589,0.9741,0.0039,5,mean +- 1.96 sd across refits
is_kinase,L8,lin_f1,0.7915,0.7684,0.8146,0.0118,5,mean +- 1.96 sd across refits
is_kinase,L8,xgb_acc,0.9745,0.9653,0.9837,0.0047,5,mean +- 1.96 sd across refits
is_kinase,L8,xgb_f1,0.8116,0.7651,0.8581,0.0237,5,mean +- 1.96 sd across refits
is_kinase,L9,lin_acc,0.9653,0.9582,0.9724,0.0036,5,mean +- 1.96 sd across refits
is_kinase,L9,lin_f1,0.7891,0.757,0.8212,0.0164,5,mean +- 1.96 sd across refits
is_kinase,L9,xgb_acc,0.9745,0.9661,0.9829,0.0043,5,mean +- 1.96 sd across refits
is_kinase,L9,xgb_f1,0.812,0.7777,0.8463,0.0175,5,mean +- 1.96 sd across refits
is_kinase,emb,lin_acc,0.9556,0.9444,0.9668,0.0057,5,mean +- 1.96 sd across refits
is_kinase,emb,lin_f1,0.4887,0.4858,0.4916,0.0015,5,mean +- 1.96 sd across refits
is_kinase,emb,xgb_acc,0.9576,0.9509,0.9643,0.0034,5,mean +- 1.96 sd across refits
is_kinase,emb,xgb_f1,0.5565,0.4812,0.6318,0.0384,5,mean +- 1.96 sd across refits
is_membrane_protein,L1,lin_acc,0.8858,0.8589,0.9127,0.0137,5,mean +- 1.96 sd across refits
is_membrane_protein,L1,lin_f1,0.6651,0.6188,0.7114,0.0236,5,mean +- 1.96 sd across refits
is_membrane_protein,L1,xgb_acc,0.9144,0.8936,0.9352,0.0106,5,mean +- 1.96 sd across refits
is_membrane_protein,L1,xgb_f1,0.6883,0.6183,0.7583,0.0357,5,mean +- 1.96 sd across refits
is_membrane_protein,L10,lin_acc,0.9074,0.8945,0.9203,0.0066,5,mean +- 1.96 sd across refits
is_membrane_protein,L10,lin_f1,0.7547,0.7208,0.7886,0.0173,5,mean +- 1.96 sd across refits
is_membrane_protein,L10,xgb_acc,0.9249,0.8977,0.9521,0.0139,5,mean +- 1.96 sd across refits
is_membrane_protein,L10,xgb_f1,0.7566,0.669,0.8442,0.0447,5,mean +- 1.96 sd across refits
is_membrane_protein,L11,lin_acc,0.9081,0.8863,0.9299,0.0111,5,mean +- 1.96 sd across refits
is_membrane_protein,L11,lin_f1,0.7597,0.7168,0.8026,0.0219,5,mean +- 1.96 sd across refits
is_membrane_protein,L11,xgb_acc,0.9236,0.9056,0.9416,0.0092,5,mean +- 1.96 sd across refits
is_membrane_protein,L11,xgb_f1,0.7547,0.7051,0.8043,0.0253,5,mean +- 1.96 sd across refits
is_membrane_protein,L12,lin_acc,0.9106,0.8904,0.9308,0.0103,5,mean +- 1.96 sd across refits
is_membrane_protein,L12,lin_f1,0.7553,0.7114,0.7992,0.0224,5,mean +- 1.96 sd across refits
is_membrane_protein,L12,xgb_acc,0.9219,0.898,0.9458,0.0122,5,mean +- 1.96 sd across refits
is_membrane_protein,L12,xgb_f1,0.7436,0.6677,0.8195,0.0387,5,mean +- 1.96 sd across refits
is_membrane_protein,L2,lin_acc,0.8972,0.8664,0.928,0.0157,5,mean +- 1.96 sd across refits
is_membrane_protein,L2,lin_f1,0.7095,0.6527,0.7663,0.029,5,mean +- 1.96 sd across refits
is_membrane_protein,L2,xgb_acc,0.9153,0.899,0.9316,0.0083,5,mean +- 1.96 sd across refits
is_membrane_protein,L2,xgb_f1,0.6988,0.6551,0.7425,0.0223,5,mean +- 1.96 sd across refits
is_membrane_protein,L3,lin_acc,0.8896,0.8673,0.9119,0.0114,5,mean +- 1.96 sd across refits
is_membrane_protein,L3,lin_f1,0.6915,0.6386,0.7444,0.027,5,mean +- 1.96 sd across refits
is_membrane_protein,L3,xgb_acc,0.9175,0.8981,0.9369,0.0099,5,mean +- 1.96 sd across refits
is_membrane_protein,L3,xgb_f1,0.7136,0.6628,0.7644,0.0259,5,mean +- 1.96 sd across refits
is_membrane_protein,L4,lin_acc,0.8927,0.876,0.9094,0.0085,5,mean +- 1.96 sd across refits
is_membrane_protein,L4,lin_f1,0.7105,0.6715,0.7495,0.0199,5,mean +- 1.96 sd across refits
is_membrane_protein,L4,xgb_acc,0.9198,0.8982,0.9414,0.011,5,mean +- 1.96 sd across refits
is_membrane_protein,L4,xgb_f1,0.7292,0.661,0.7974,0.0348,5,mean +- 1.96 sd across refits
is_membrane_protein,L5,lin_acc,0.9017,0.8866,0.9168,0.0077,5,mean +- 1.96 sd across refits
is_membrane_protein,L5,lin_f1,0.7303,0.6856,0.775,0.0228,5,mean +- 1.96 sd across refits
is_membrane_protein,L5,xgb_acc,0.9224,0.8963,0.9485,0.0133,5,mean +- 1.96 sd across refits
is_membrane_protein,L5,xgb_f1,0.7472,0.6631,0.8313,0.0429,5,mean +- 1.96 sd across refits
is_membrane_protein,L6,lin_acc,0.9008,0.8794,0.9222,0.0109,5,mean +- 1.96 sd across refits
is_membrane_protein,L6,lin_f1,0.7323,0.6827,0.7819,0.0253,5,mean +- 1.96 sd across refits
is_membrane_protein,L6,xgb_acc,0.9243,0.8933,0.9553,0.0158,5,mean +- 1.96 sd across refits
is_membrane_protein,L6,xgb_f1,0.7562,0.6629,0.8495,0.0476,5,mean +- 1.96 sd across refits
is_membrane_protein,L7,lin_acc,0.9075,0.8971,0.9179,0.0053,5,mean +- 1.96 sd across refits
is_membrane_protein,L7,lin_f1,0.7531,0.7362,0.77,0.0086,5,mean +- 1.96 sd across refits
is_membrane_protein,L7,xgb_acc,0.9258,0.9029,0.9487,0.0117,5,mean +- 1.96 sd across refits
is_membrane_protein,L7,xgb_f1,0.7698,0.7077,0.8319,0.0317,5,mean +- 1.96 sd across refits
is_membrane_protein,L8,lin_acc,0.9093,0.8977,0.9209,0.0059,5,mean +- 1.96 sd across refits
is_membrane_protein,L8,lin_f1,0.756,0.7288,0.7832,0.0139,5,mean +- 1.96 sd across refits
is_membrane_protein,L8,xgb_acc,0.9258,0.9044,0.9472,0.0109,5,mean +- 1.96 sd across refits
is_membrane_protein,L8,xgb_f1,0.7677,0.7107,0.8247,0.0291,5,mean +- 1.96 sd across refits
is_membrane_protein,L9,lin_acc,0.9071,0.8953,0.9189,0.006,5,mean +- 1.96 sd across refits
is_membrane_protein,L9,lin_f1,0.7481,0.7214,0.7748,0.0136,5,mean +- 1.96 sd across refits
is_membrane_protein,L9,xgb_acc,0.9221,0.898,0.9462,0.0123,5,mean +- 1.96 sd across refits
is_membrane_protein,L9,xgb_f1,0.7512,0.6851,0.8173,0.0337,5,mean +- 1.96 sd across refits
is_membrane_protein,emb,lin_acc,0.8909,0.876,0.9058,0.0076,5,mean +- 1.96 sd across refits
is_membrane_protein,emb,lin_f1,0.5197,0.4803,0.5591,0.0201,5,mean +- 1.96 sd across refits
is_membrane_protein,emb,xgb_acc,0.9049,0.8841,0.9257,0.0106,5,mean +- 1.96 sd across refits
is_membrane_protein,emb,xgb_f1,0.6508,0.5863,0.7153,0.0329,5,mean +- 1.96 sd across refits
is_phospho,L1,lin_acc,0.7804,0.7485,0.8123,0.0163,5,mean +- 1.96 sd across refits
is_phospho,L1,lin_f1,0.651,0.6014,0.7006,0.0253,5,mean +- 1.96 sd across refits
is_phospho,L1,xgb_acc,0.7875,0.7755,0.7995,0.0061,5,mean +- 1.96 sd across refits
is_phospho,L1,xgb_f1,0.6372,0.6151,0.6593,0.0113,5,mean +- 1.96 sd across refits
is_phospho,L10,lin_acc,0.8033,0.7878,0.8188,0.0079,5,mean +- 1.96 sd across refits
is_phospho,L10,lin_f1,0.7066,0.686,0.7272,0.0105,5,mean +- 1.96 sd across refits
is_phospho,L10,xgb_acc,0.8315,0.8144,0.8486,0.0087,5,mean +- 1.96 sd across refits
is_phospho,L10,xgb_f1,0.7328,0.7046,0.761,0.0144,5,mean +- 1.96 sd across refits
is_phospho,L11,lin_acc,0.8057,0.7967,0.8147,0.0046,5,mean +- 1.96 sd across refits
is_phospho,L11,lin_f1,0.7095,0.7009,0.7181,0.0044,5,mean +- 1.96 sd across refits
is_phospho,L11,xgb_acc,0.8305,0.8154,0.8456,0.0077,5,mean +- 1.96 sd across refits
is_phospho,L11,xgb_f1,0.7251,0.7024,0.7478,0.0116,5,mean +- 1.96 sd across refits
is_phospho,L12,lin_acc,0.8144,0.7942,0.8346,0.0103,5,mean +- 1.96 sd across refits
is_phospho,L12,lin_f1,0.7208,0.6879,0.7537,0.0168,5,mean +- 1.96 sd across refits
is_phospho,L12,xgb_acc,0.828,0.8064,0.8496,0.011,5,mean +- 1.96 sd across refits
is_phospho,L12,xgb_f1,0.7263,0.6873,0.7653,0.0199,5,mean +- 1.96 sd across refits
is_phospho,L2,lin_acc,0.7903,0.7478,0.8328,0.0217,5,mean +- 1.96 sd across refits
is_phospho,L2,lin_f1,0.6729,0.6021,0.7437,0.0361,5,mean +- 1.96 sd across refits
is_phospho,L2,xgb_acc,0.7998,0.7794,0.8202,0.0104,5,mean +- 1.96 sd across refits
is_phospho,L2,xgb_f1,0.664,0.6334,0.6946,0.0156,5,mean +- 1.96 sd across refits
is_phospho,L3,lin_acc,0.7905,0.7568,0.8242,0.0172,5,mean +- 1.96 sd across refits
is_phospho,L3,lin_f1,0.6776,0.6292,0.726,0.0247,5,mean +- 1.96 sd across refits
is_phospho,L3,xgb_acc,0.8066,0.785,0.8282,0.011,5,mean +- 1.96 sd across refits
is_phospho,L3,xgb_f1,0.6739,0.6349,0.7129,0.0199,5,mean +- 1.96 sd across refits
is_phospho,L4,lin_acc,0.7969,0.7546,0.8392,0.0216,5,mean +- 1.96 sd across refits
is_phospho,L4,lin_f1,0.691,0.6434,0.7386,0.0243,5,mean +- 1.96 sd across refits
is_phospho,L4,xgb_acc,0.8124,0.7828,0.842,0.0151,5,mean +- 1.96 sd across refits
is_phospho,L4,xgb_f1,0.687,0.6329,0.7411,0.0276,5,mean +- 1.96 sd across refits
is_phospho,L5,lin_acc,0.8088,0.7947,0.8229,0.0072,5,mean +- 1.96 sd across refits
is_phospho,L5,lin_f1,0.7076,0.6966,0.7186,0.0056,5,mean +- 1.96 sd across refits
is_phospho,L5,xgb_acc,0.8251,0.8053,0.8449,0.0101,5,mean +- 1.96 sd across refits
is_phospho,L5,xgb_f1,0.7184,0.6886,0.7482,0.0152,5,mean +- 1.96 sd across refits
is_phospho,L6,lin_acc,0.8026,0.7814,0.8238,0.0108,5,mean +- 1.96 sd across refits
is_phospho,L6,lin_f1,0.7044,0.6785,0.7303,0.0132,5,mean +- 1.96 sd across refits
is_phospho,L6,xgb_acc,0.8248,0.8083,0.8413,0.0084,5,mean +- 1.96 sd across refits
is_phospho,L6,xgb_f1,0.7173,0.6908,0.7438,0.0135,5,mean +- 1.96 sd across refits
is_phospho,L7,lin_acc,0.812,0.7877,0.8363,0.0124,5,mean +- 1.96 sd across refits
is_phospho,L7,lin_f1,0.7189,0.6868,0.751,0.0164,5,mean +- 1.96 sd across refits
is_phospho,L7,xgb_acc,0.8292,0.81,0.8484,0.0098,5,mean +- 1.96 sd across refits
is_phospho,L7,xgb_f1,0.7244,0.6987,0.7501,0.0131,5,mean +- 1.96 sd across refits
is_phospho,L8,lin_acc,0.8035,0.7792,0.8278,0.0124,5,mean +- 1.96 sd across refits
is_phospho,L8,lin_f1,0.7048,0.6691,0.7405,0.0182,5,mean +- 1.96 sd across refits
is_phospho,L8,xgb_acc,0.8275,0.8097,0.8453,0.0091,5,mean +- 1.96 sd across refits
is_phospho,L8,xgb_f1,0.7248,0.6978,0.7518,0.0138,5,mean +- 1.96 sd across refits
is_phospho,L9,lin_acc,0.8096,0.7904,0.8288,0.0098,5,mean +- 1.96 sd across refits
is_phospho,L9,lin_f1,0.7145,0.6863,0.7427,0.0144,5,mean +- 1.96 sd across refits
is_phospho,L9,xgb_acc,0.827,0.8,0.854,0.0138,5,mean +- 1.96 sd across refits
is_phospho,L9,xgb_f1,0.7225,0.6839,0.7611,0.0197,5,mean +- 1.96 sd across refits
is_phospho,emb,lin_acc,0.7766,0.7725,0.7807,0.0021,5,mean +- 1.96 sd across refits
is_phospho,emb,lin_f1,0.5447,0.5324,0.557,0.0063,5,mean +- 1.96 sd across refits
is_phospho,emb,xgb_acc,0.7828,0.7618,0.8038,0.0107,5,mean +- 1.96 sd across refits
is_phospho,emb,xgb_f1,0.6295,0.5876,0.6714,0.0214,5,mean +- 1.96 sd across refits
is_ribosomal,L1,lin_acc,0.9794,0.9721,0.9867,0.0037,5,mean +- 1.96 sd across refits
is_ribosomal,L1,lin_f1,0.6339,0.5349,0.7329,0.0505,5,mean +- 1.96 sd across refits
is_ribosomal,L1,xgb_acc,0.9842,0.9803,0.9881,0.002,5,mean +- 1.96 sd across refits
is_ribosomal,L1,xgb_f1,0.6003,0.4586,0.742,0.0723,5,mean +- 1.96 sd across refits
is_ribosomal,L10,lin_acc,0.9843,0.9806,0.988,0.0019,5,mean +- 1.96 sd across refits
is_ribosomal,L10,lin_f1,0.7135,0.6065,0.8205,0.0546,5,mean +- 1.96 sd across refits
is_ribosomal,L10,xgb_acc,0.985,0.9817,0.9883,0.0017,5,mean +- 1.96 sd across refits
is_ribosomal,L10,xgb_f1,0.6222,0.5346,0.7098,0.0447,5,mean +- 1.96 sd across refits
is_ribosomal,L11,lin_acc,0.9852,0.9787,0.9917,0.0033,5,mean +- 1.96 sd across refits
is_ribosomal,L11,lin_f1,0.7576,0.6763,0.8389,0.0415,5,mean +- 1.96 sd across refits
is_ribosomal,L11,xgb_acc,0.9852,0.9789,0.9915,0.0032,5,mean +- 1.96 sd across refits
is_ribosomal,L11,xgb_f1,0.6481,0.5066,0.7896,0.0722,5,mean +- 1.96 sd across refits
is_ribosomal,L12,lin_acc,0.9843,0.9794,0.9892,0.0025,5,mean +- 1.96 sd across refits
is_ribosomal,L12,lin_f1,0.7448,0.6325,0.8571,0.0573,5,mean +- 1.96 sd across refits
is_ribosomal,L12,xgb_acc,0.9864,0.9797,0.9931,0.0034,5,mean +- 1.96 sd across refits
is_ribosomal,L12,xgb_f1,0.6778,0.4938,0.8618,0.0939,5,mean +- 1.96 sd across refits
is_ribosomal,L2,lin_acc,0.9767,0.9738,0.9796,0.0015,5,mean +- 1.96 sd across refits
is_ribosomal,L2,lin_f1,0.6257,0.5665,0.6849,0.0302,5,mean +- 1.96 sd across refits
is_ribosomal,L2,xgb_acc,0.9843,0.9816,0.987,0.0014,5,mean +- 1.96 sd across refits
is_ribosomal,L2,xgb_f1,0.6113,0.5294,0.6932,0.0418,5,mean +- 1.96 sd across refits
is_ribosomal,L3,lin_acc,0.9798,0.9763,0.9833,0.0018,5,mean +- 1.96 sd across refits
is_ribosomal,L3,lin_f1,0.6693,0.5684,0.7702,0.0515,5,mean +- 1.96 sd across refits
is_ribosomal,L3,xgb_acc,0.985,0.9799,0.9901,0.0026,5,mean +- 1.96 sd across refits
is_ribosomal,L3,xgb_f1,0.6299,0.5192,0.7406,0.0565,5,mean +- 1.96 sd across refits
is_ribosomal,L4,lin_acc,0.9791,0.9748,0.9834,0.0022,5,mean +- 1.96 sd across refits
is_ribosomal,L4,lin_f1,0.6273,0.5183,0.7363,0.0556,5,mean +- 1.96 sd across refits
is_ribosomal,L4,xgb_acc,0.9852,0.9795,0.9909,0.0029,5,mean +- 1.96 sd across refits
is_ribosomal,L4,xgb_f1,0.6402,0.4985,0.7819,0.0723,5,mean +- 1.96 sd across refits
is_ribosomal,L5,lin_acc,0.9823,0.9752,0.9894,0.0036,5,mean +- 1.96 sd across refits
is_ribosomal,L5,lin_f1,0.7093,0.5903,0.8283,0.0607,5,mean +- 1.96 sd across refits
is_ribosomal,L5,xgb_acc,0.9844,0.9783,0.9905,0.0031,5,mean +- 1.96 sd across refits
is_ribosomal,L5,xgb_f1,0.6078,0.4426,0.773,0.0843,5,mean +- 1.96 sd across refits
is_ribosomal,L6,lin_acc,0.9828,0.9732,0.9924,0.0049,5,mean +- 1.96 sd across refits
is_ribosomal,L6,lin_f1,0.7087,0.5793,0.8381,0.066,5,mean +- 1.96 sd across refits
is_ribosomal,L6,xgb_acc,0.985,0.9805,0.9895,0.0023,5,mean +- 1.96 sd across refits
is_ribosomal,L6,xgb_f1,0.6222,0.5062,0.7382,0.0592,5,mean +- 1.96 sd across refits
is_ribosomal,L7,lin_acc,0.9847,0.9804,0.989,0.0022,5,mean +- 1.96 sd across refits
is_ribosomal,L7,lin_f1,0.723,0.6485,0.7975,0.038,5,mean +- 1.96 sd across refits
is_ribosomal,L7,xgb_acc,0.9857,0.9816,0.9898,0.0021,5,mean +- 1.96 sd across refits
is_ribosomal,L7,xgb_f1,0.6524,0.5289,0.7759,0.063,5,mean +- 1.96 sd across refits
is_ribosomal,L8,lin_acc,0.9845,0.9823,0.9867,0.0011,5,mean +- 1.96 sd across refits
is_ribosomal,L8,lin_f1,0.7296,0.6743,0.7849,0.0282,5,mean +- 1.96 sd across refits
is_ribosomal,L8,xgb_acc,0.9861,0.9818,0.9904,0.0022,5,mean +- 1.96 sd across refits
is_ribosomal,L8,xgb_f1,0.6672,0.5298,0.8046,0.0701,5,mean +- 1.96 sd across refits
is_ribosomal,L9,lin_acc,0.9845,0.9818,0.9872,0.0014,5,mean +- 1.96 sd across refits
is_ribosomal,L9,lin_f1,0.725,0.6341,0.8159,0.0464,5,mean +- 1.96 sd across refits
is_ribosomal,L9,xgb_acc,0.9867,0.9808,0.9926,0.003,5,mean +- 1.96 sd across refits
is_ribosomal,L9,xgb_f1,0.6866,0.5161,0.8571,0.087,5,mean +- 1.96 sd across refits
is_ribosomal,emb,lin_acc,0.983,0.9787,0.9873,0.0022,5,mean +- 1.96 sd across refits
is_ribosomal,emb,lin_f1,0.5901,0.4799,0.7003,0.0562,5,mean +- 1.96 sd across refits
is_ribosomal,emb,xgb_acc,0.9833,0.9794,0.9872,0.002,5,mean +- 1.96 sd across refits
is_ribosomal,emb,xgb_f1,0.5741,0.531,0.6172,0.022,5,mean +- 1.96 sd across refits
is_rna_binding,L1,lin_acc,0.9291,0.925,0.9332,0.0021,5,mean +- 1.96 sd across refits
is_rna_binding,L1,lin_f1,0.5943,0.5708,0.6178,0.012,5,mean +- 1.96 sd across refits
is_rna_binding,L1,xgb_acc,0.9503,0.9407,0.9599,0.0049,5,mean +- 1.96 sd across refits
is_rna_binding,L1,xgb_f1,0.5444,0.5187,0.5701,0.0131,5,mean +- 1.96 sd across refits
is_rna_binding,L10,lin_acc,0.9472,0.937,0.9574,0.0052,5,mean +- 1.96 sd across refits
is_rna_binding,L10,lin_f1,0.7055,0.6246,0.7864,0.0413,5,mean +- 1.96 sd across refits
is_rna_binding,L10,xgb_acc,0.9651,0.9604,0.9698,0.0024,5,mean +- 1.96 sd across refits
is_rna_binding,L10,xgb_f1,0.7423,0.7149,0.7697,0.014,5,mean +- 1.96 sd across refits
is_rna_binding,L11,lin_acc,0.9396,0.9327,0.9465,0.0035,5,mean +- 1.96 sd across refits
is_rna_binding,L11,lin_f1,0.6757,0.6116,0.7398,0.0327,5,mean +- 1.96 sd across refits
is_rna_binding,L11,xgb_acc,0.9619,0.9546,0.9692,0.0037,5,mean +- 1.96 sd across refits
is_rna_binding,L11,xgb_f1,0.706,0.6425,0.7695,0.0324,5,mean +- 1.96 sd across refits
is_rna_binding,L12,lin_acc,0.9454,0.9393,0.9515,0.0031,5,mean +- 1.96 sd across refits
is_rna_binding,L12,lin_f1,0.7016,0.6597,0.7435,0.0214,5,mean +- 1.96 sd across refits
is_rna_binding,L12,xgb_acc,0.9602,0.9498,0.9706,0.0053,5,mean +- 1.96 sd across refits
is_rna_binding,L12,xgb_f1,0.6893,0.5962,0.7824,0.0475,5,mean +- 1.96 sd across refits
is_rna_binding,L2,lin_acc,0.9338,0.9191,0.9485,0.0075,5,mean +- 1.96 sd across refits
is_rna_binding,L2,lin_f1,0.6103,0.5374,0.6832,0.0372,5,mean +- 1.96 sd across refits
is_rna_binding,L2,xgb_acc,0.9507,0.9407,0.9607,0.0051,5,mean +- 1.96 sd across refits
is_rna_binding,L2,xgb_f1,0.5391,0.4934,0.5848,0.0233,5,mean +- 1.96 sd across refits
is_rna_binding,L3,lin_acc,0.9301,0.9193,0.9409,0.0055,5,mean +- 1.96 sd across refits
is_rna_binding,L3,lin_f1,0.6178,0.5929,0.6427,0.0127,5,mean +- 1.96 sd across refits
is_rna_binding,L3,xgb_acc,0.9527,0.9443,0.9611,0.0043,5,mean +- 1.96 sd across refits
is_rna_binding,L3,xgb_f1,0.5666,0.4788,0.6544,0.0448,5,mean +- 1.96 sd across refits
is_rna_binding,L4,lin_acc,0.9384,0.9264,0.9504,0.0061,5,mean +- 1.96 sd across refits
is_rna_binding,L4,lin_f1,0.6556,0.5943,0.7169,0.0313,5,mean +- 1.96 sd across refits
is_rna_binding,L4,xgb_acc,0.9529,0.9455,0.9603,0.0038,5,mean +- 1.96 sd across refits
is_rna_binding,L4,xgb_f1,0.5891,0.5254,0.6528,0.0325,5,mean +- 1.96 sd across refits
is_rna_binding,L5,lin_acc,0.9408,0.9267,0.9549,0.0072,5,mean +- 1.96 sd across refits
is_rna_binding,L5,lin_f1,0.6833,0.6047,0.7619,0.0401,5,mean +- 1.96 sd across refits
is_rna_binding,L5,xgb_acc,0.9597,0.9475,0.9719,0.0062,5,mean +- 1.96 sd across refits
is_rna_binding,L5,xgb_f1,0.6711,0.6045,0.7377,0.034,5,mean +- 1.96 sd across refits
is_rna_binding,L6,lin_acc,0.9478,0.9372,0.9584,0.0054,5,mean +- 1.96 sd across refits
is_rna_binding,L6,lin_f1,0.7191,0.6683,0.7699,0.0259,5,mean +- 1.96 sd across refits
is_rna_binding,L6,xgb_acc,0.9628,0.9554,0.9702,0.0038,5,mean +- 1.96 sd across refits
is_rna_binding,L6,xgb_f1,0.7203,0.6593,0.7813,0.0311,5,mean +- 1.96 sd across refits
is_rna_binding,L7,lin_acc,0.9507,0.9419,0.9595,0.0045,5,mean +- 1.96 sd across refits
is_rna_binding,L7,lin_f1,0.7222,0.6763,0.7681,0.0234,5,mean +- 1.96 sd across refits
is_rna_binding,L7,xgb_acc,0.9634,0.9565,0.9703,0.0035,5,mean +- 1.96 sd across refits
is_rna_binding,L7,xgb_f1,0.722,0.654,0.79,0.0347,5,mean +- 1.96 sd across refits
is_rna_binding,L8,lin_acc,0.9495,0.9458,0.9532,0.0019,5,mean +- 1.96 sd across refits
is_rna_binding,L8,lin_f1,0.723,0.6954,0.7506,0.0141,5,mean +- 1.96 sd across refits
is_rna_binding,L8,xgb_acc,0.9656,0.956,0.9752,0.0049,5,mean +- 1.96 sd across refits
is_rna_binding,L8,xgb_f1,0.7495,0.6729,0.8261,0.0391,5,mean +- 1.96 sd across refits
is_rna_binding,L9,lin_acc,0.9459,0.931,0.9608,0.0076,5,mean +- 1.96 sd across refits
is_rna_binding,L9,lin_f1,0.7086,0.6282,0.789,0.041,5,mean +- 1.96 sd across refits
is_rna_binding,L9,xgb_acc,0.9643,0.9565,0.9721,0.004,5,mean +- 1.96 sd across refits
is_rna_binding,L9,xgb_f1,0.7321,0.6708,0.7934,0.0313,5,mean +- 1.96 sd across refits
is_rna_binding,emb,lin_acc,0.949,0.9392,0.9588,0.005,5,mean +- 1.96 sd across refits
is_rna_binding,emb,lin_f1,0.4938,0.4734,0.5142,0.0104,5,mean +- 1.96 sd across refits
is_rna_binding,emb,xgb_acc,0.9507,0.9433,0.9581,0.0038,5,mean +- 1.96 sd across refits
is_rna_binding,emb,xgb_f1,0.547,0.4988,0.5952,0.0246,5,mean +- 1.96 sd across refits
is_structural,L1,lin_acc,0.9464,0.9321,0.9607,0.0073,5,mean +- 1.96 sd across refits
is_structural,L1,lin_f1,0.5513,0.5003,0.6023,0.026,5,mean +- 1.96 sd across refits
is_structural,L1,xgb_acc,0.9661,0.9571,0.9751,0.0046,5,mean +- 1.96 sd across refits
is_structural,L1,xgb_f1,0.5396,0.4906,0.5886,0.025,5,mean +- 1.96 sd across refits
is_structural,L10,lin_acc,0.9539,0.9482,0.9596,0.0029,5,mean +- 1.96 sd across refits
is_structural,L10,lin_f1,0.6337,0.6178,0.6496,0.0081,5,mean +- 1.96 sd across refits
is_structural,L10,xgb_acc,0.9682,0.9576,0.9788,0.0054,5,mean +- 1.96 sd across refits
is_structural,L10,xgb_f1,0.6337,0.5908,0.6766,0.0219,5,mean +- 1.96 sd across refits
is_structural,L11,lin_acc,0.949,0.9347,0.9633,0.0073,5,mean +- 1.96 sd across refits
is_structural,L11,lin_f1,0.6261,0.6102,0.642,0.0081,5,mean +- 1.96 sd across refits
is_structural,L11,xgb_acc,0.968,0.9582,0.9778,0.005,5,mean +- 1.96 sd across refits
is_structural,L11,xgb_f1,0.6272,0.6113,0.6431,0.0081,5,mean +- 1.96 sd across refits
is_structural,L12,lin_acc,0.9507,0.9438,0.9576,0.0035,5,mean +- 1.96 sd across refits
is_structural,L12,lin_f1,0.6212,0.6075,0.6349,0.007,5,mean +- 1.96 sd across refits
is_structural,L12,xgb_acc,0.9694,0.9618,0.977,0.0039,5,mean +- 1.96 sd across refits
is_structural,L12,xgb_f1,0.6412,0.6047,0.6777,0.0186,5,mean +- 1.96 sd across refits
is_structural,L2,lin_acc,0.9467,0.9328,0.9606,0.0071,5,mean +- 1.96 sd across refits
is_structural,L2,lin_f1,0.5601,0.5068,0.6134,0.0272,5,mean +- 1.96 sd across refits
is_structural,L2,xgb_acc,0.9665,0.9567,0.9763,0.005,5,mean +- 1.96 sd across refits
is_structural,L2,xgb_f1,0.5501,0.524,0.5762,0.0133,5,mean +- 1.96 sd across refits
is_structural,L3,lin_acc,0.9519,0.9454,0.9584,0.0033,5,mean +- 1.96 sd across refits
is_structural,L3,lin_f1,0.6055,0.5361,0.6749,0.0354,5,mean +- 1.96 sd across refits
is_structural,L3,xgb_acc,0.9661,0.9555,0.9767,0.0054,5,mean +- 1.96 sd across refits
is_structural,L3,xgb_f1,0.5413,0.4925,0.5901,0.0249,5,mean +- 1.96 sd across refits
is_structural,L4,lin_acc,0.9437,0.9368,0.9506,0.0035,5,mean +- 1.96 sd across refits
is_structural,L4,lin_f1,0.5905,0.528,0.653,0.0319,5,mean +- 1.96 sd across refits
is_structural,L4,xgb_acc,0.9675,0.9581,0.9769,0.0048,5,mean +- 1.96 sd across refits
is_structural,L4,xgb_f1,0.5758,0.5194,0.6322,0.0288,5,mean +- 1.96 sd across refits
is_structural,L5,lin_acc,0.9481,0.9432,0.953,0.0025,5,mean +- 1.96 sd across refits
is_structural,L5,lin_f1,0.6103,0.5595,0.6611,0.0259,5,mean +- 1.96 sd across refits
is_structural,L5,xgb_acc,0.9678,0.9551,0.9805,0.0065,5,mean +- 1.96 sd across refits
is_structural,L5,xgb_f1,0.5987,0.4823,0.7151,0.0594,5,mean +- 1.96 sd across refits
is_structural,L6,lin_acc,0.9508,0.943,0.9586,0.004,5,mean +- 1.96 sd across refits
is_structural,L6,lin_f1,0.625,0.6134,0.6366,0.0059,5,mean +- 1.96 sd across refits
is_structural,L6,xgb_acc,0.967,0.9564,0.9776,0.0054,5,mean +- 1.96 sd across refits
is_structural,L6,xgb_f1,0.6222,0.5793,0.6651,0.0219,5,mean +- 1.96 sd across refits
is_structural,L7,lin_acc,0.9558,0.9446,0.967,0.0057,5,mean +- 1.96 sd across refits
is_structural,L7,lin_f1,0.6435,0.5896,0.6974,0.0275,5,mean +- 1.96 sd across refits
is_structural,L7,xgb_acc,0.9682,0.9574,0.979,0.0055,5,mean +- 1.96 sd across refits
is_structural,L7,xgb_f1,0.6528,0.6063,0.6993,0.0237,5,mean +- 1.96 sd across refits
is_structural,L8,lin_acc,0.9576,0.9392,0.976,0.0094,5,mean +- 1.96 sd across refits
is_structural,L8,lin_f1,0.6503,0.5525,0.7481,0.0499,5,mean +- 1.96 sd across refits
is_structural,L8,xgb_acc,0.9691,0.9568,0.9814,0.0063,5,mean +- 1.96 sd across refits
is_structural,L8,xgb_f1,0.6595,0.614,0.705,0.0232,5,mean +- 1.96 sd across refits
is_structural,L9,lin_acc,0.9539,0.9466,0.9612,0.0037,5,mean +- 1.96 sd across refits
is_structural,L9,lin_f1,0.6343,0.5963,0.6723,0.0194,5,mean +- 1.96 sd across refits
is_structural,L9,xgb_acc,0.9661,0.9553,0.9769,0.0055,5,mean +- 1.96 sd across refits
is_structural,L9,xgb_f1,0.6271,0.561,0.6932,0.0337,5,mean +- 1.96 sd across refits
is_structural,emb,lin_acc,0.9645,0.9545,0.9745,0.0051,5,mean +- 1.96 sd across refits
is_structural,emb,lin_f1,0.491,0.4885,0.4935,0.0013,5,mean +- 1.96 sd across refits
is_structural,emb,xgb_acc,0.9655,0.9567,0.9743,0.0045,5,mean +- 1.96 sd across refits
is_structural,emb,xgb_f1,0.5349,0.4971,0.5727,0.0193,5,mean +- 1.96 sd across refits
is_transport,L1,lin_acc,0.8926,0.8734,0.9118,0.0098,5,mean +- 1.96 sd across refits
is_transport,L1,lin_f1,0.5886,0.5451,0.6321,0.0222,5,mean +- 1.96 sd across refits
is_transport,L1,xgb_acc,0.9187,0.9116,0.9258,0.0036,5,mean +- 1.96 sd across refits
is_transport,L1,xgb_f1,0.5572,0.5131,0.6013,0.0225,5,mean +- 1.96 sd across refits
is_transport,L10,lin_acc,0.9,0.8833,0.9167,0.0085,5,mean +- 1.96 sd across refits
is_transport,L10,lin_f1,0.6505,0.5982,0.7028,0.0267,5,mean +- 1.96 sd across refits
is_transport,L10,xgb_acc,0.9244,0.9199,0.9289,0.0023,5,mean +- 1.96 sd across refits
is_transport,L10,xgb_f1,0.6618,0.6391,0.6845,0.0116,5,mean +- 1.96 sd across refits
is_transport,L11,lin_acc,0.8935,0.8862,0.9008,0.0037,5,mean +- 1.96 sd across refits
is_transport,L11,lin_f1,0.6361,0.6092,0.663,0.0137,5,mean +- 1.96 sd across refits
is_transport,L11,xgb_acc,0.924,0.9136,0.9344,0.0053,5,mean +- 1.96 sd across refits
is_transport,L11,xgb_f1,0.6514,0.5983,0.7045,0.0271,5,mean +- 1.96 sd across refits
is_transport,L12,lin_acc,0.9049,0.8951,0.9147,0.005,5,mean +- 1.96 sd across refits
is_transport,L12,lin_f1,0.6555,0.6286,0.6824,0.0137,5,mean +- 1.96 sd across refits
is_transport,L12,xgb_acc,0.9231,0.9157,0.9305,0.0038,5,mean +- 1.96 sd across refits
is_transport,L12,xgb_f1,0.6306,0.5883,0.6729,0.0216,5,mean +- 1.96 sd across refits
is_transport,L2,lin_acc,0.8943,0.8849,0.9037,0.0048,5,mean +- 1.96 sd across refits
is_transport,L2,lin_f1,0.6007,0.5537,0.6477,0.024,5,mean +- 1.96 sd across refits
is_transport,L2,xgb_acc,0.9209,0.9164,0.9254,0.0023,5,mean +- 1.96 sd across refits
is_transport,L2,xgb_f1,0.5848,0.5293,0.6403,0.0283,5,mean +- 1.96 sd across refits
is_transport,L3,lin_acc,0.8945,0.8843,0.9047,0.0052,5,mean +- 1.96 sd across refits
is_transport,L3,lin_f1,0.6184,0.5914,0.6454,0.0138,5,mean +- 1.96 sd across refits
is_transport,L3,xgb_acc,0.9202,0.9167,0.9237,0.0018,5,mean +- 1.96 sd across refits
is_transport,L3,xgb_f1,0.5747,0.5337,0.6157,0.0209,5,mean +- 1.96 sd across refits
is_transport,L4,lin_acc,0.8962,0.8923,0.9001,0.002,5,mean +- 1.96 sd across refits
is_transport,L4,lin_f1,0.6327,0.6133,0.6521,0.0099,5,mean +- 1.96 sd across refits
is_transport,L4,xgb_acc,0.925,0.9197,0.9303,0.0027,5,mean +- 1.96 sd across refits
is_transport,L4,xgb_f1,0.6212,0.5828,0.6596,0.0196,5,mean +- 1.96 sd across refits
is_transport,L5,lin_acc,0.904,0.8917,0.9163,0.0063,5,mean +- 1.96 sd across refits
is_transport,L5,lin_f1,0.6578,0.6025,0.7131,0.0282,5,mean +- 1.96 sd across refits
is_transport,L5,xgb_acc,0.9257,0.922,0.9294,0.0019,5,mean +- 1.96 sd across refits
is_transport,L5,xgb_f1,0.6411,0.6041,0.6781,0.0189,5,mean +- 1.96 sd across refits
is_transport,L6,lin_acc,0.8996,0.8873,0.9119,0.0063,5,mean +- 1.96 sd across refits
is_transport,L6,lin_f1,0.6454,0.5988,0.692,0.0238,5,mean +- 1.96 sd across refits
is_transport,L6,xgb_acc,0.9206,0.9157,0.9255,0.0025,5,mean +- 1.96 sd across refits
is_transport,L6,xgb_f1,0.6336,0.5966,0.6706,0.0189,5,mean +- 1.96 sd across refits
is_transport,L7,lin_acc,0.9061,0.8926,0.9196,0.0069,5,mean +- 1.96 sd across refits
is_transport,L7,lin_f1,0.668,0.6086,0.7274,0.0303,5,mean +- 1.96 sd across refits
is_transport,L7,xgb_acc,0.9216,0.9142,0.929,0.0038,5,mean +- 1.96 sd across refits
is_transport,L7,xgb_f1,0.6511,0.6188,0.6834,0.0165,5,mean +- 1.96 sd across refits
is_transport,L8,lin_acc,0.9042,0.8852,0.9232,0.0097,5,mean +- 1.96 sd across refits
is_transport,L8,lin_f1,0.6598,0.6067,0.7129,0.0271,5,mean +- 1.96 sd across refits
is_transport,L8,xgb_acc,0.9226,0.9169,0.9283,0.0029,5,mean +- 1.96 sd across refits
is_transport,L8,xgb_f1,0.6492,0.6227,0.6757,0.0135,5,mean +- 1.96 sd across refits
is_transport,L9,lin_acc,0.9023,0.8854,0.9192,0.0086,5,mean +- 1.96 sd across refits
is_transport,L9,lin_f1,0.6612,0.5971,0.7253,0.0327,5,mean +- 1.96 sd across refits
is_transport,L9,xgb_acc,0.9223,0.9176,0.927,0.0024,5,mean +- 1.96 sd across refits
is_transport,L9,xgb_f1,0.6448,0.6287,0.6609,0.0082,5,mean +- 1.96 sd across refits
is_transport,emb,lin_acc,0.9146,0.9087,0.9205,0.003,5,mean +- 1.96 sd across refits
is_transport,emb,lin_f1,0.4777,0.4761,0.4793,0.0008,5,mean +- 1.96 sd across refits
is_transport,emb,xgb_acc,0.9168,0.9107,0.9229,0.0031,5,mean +- 1.96 sd across refits
is_transport,emb,xgb_f1,0.5501,0.4956,0.6046,0.0278,5,mean +- 1.96 sd across refits
kingdom,L1,lin_acc,0.7317,0.7235,0.7399,0.0042,5,mean +- 1.96 sd across refits
kingdom,L1,lin_f1,0.5737,0.5369,0.6105,0.0188,5,mean +- 1.96 sd across refits
kingdom,L1,xgb_acc,0.7624,0.7487,0.7761,0.007,5,mean +- 1.96 sd across refits
kingdom,L1,xgb_f1,0.5759,0.5577,0.5941,0.0093,5,mean +- 1.96 sd across refits
kingdom,L10,lin_acc,0.7635,0.7425,0.7845,0.0107,5,mean +- 1.96 sd across refits
kingdom,L10,lin_f1,0.6004,0.5653,0.6355,0.0179,5,mean +- 1.96 sd across refits
kingdom,L10,xgb_acc,0.7743,0.7341,0.8145,0.0205,5,mean +- 1.96 sd across refits
kingdom,L10,xgb_f1,0.5616,0.5097,0.6135,0.0265,5,mean +- 1.96 sd across refits
kingdom,L11,lin_acc,0.7811,0.7717,0.7905,0.0048,5,mean +- 1.96 sd across refits
kingdom,L11,lin_f1,0.6186,0.5804,0.6568,0.0195,5,mean +- 1.96 sd across refits
kingdom,L11,xgb_acc,0.8032,0.7756,0.8308,0.0141,5,mean +- 1.96 sd across refits
kingdom,L11,xgb_f1,0.5924,0.5187,0.6661,0.0376,5,mean +- 1.96 sd across refits
kingdom,L12,lin_acc,0.7928,0.7875,0.7981,0.0027,5,mean +- 1.96 sd across refits
kingdom,L12,lin_f1,0.6494,0.6161,0.6827,0.017,5,mean +- 1.96 sd across refits
kingdom,L12,xgb_acc,0.8342,0.8164,0.852,0.0091,5,mean +- 1.96 sd across refits
kingdom,L12,xgb_f1,0.6878,0.6798,0.6958,0.0041,5,mean +- 1.96 sd across refits
kingdom,L2,lin_acc,0.7414,0.7308,0.752,0.0054,5,mean +- 1.96 sd across refits
kingdom,L2,lin_f1,0.5807,0.5509,0.6105,0.0152,5,mean +- 1.96 sd across refits
kingdom,L2,xgb_acc,0.7785,0.7579,0.7991,0.0105,5,mean +- 1.96 sd across refits
kingdom,L2,xgb_f1,0.5831,0.5482,0.618,0.0178,5,mean +- 1.96 sd across refits
kingdom,L3,lin_acc,0.7504,0.7306,0.7702,0.0101,5,mean +- 1.96 sd across refits
kingdom,L3,lin_f1,0.5819,0.5266,0.6372,0.0282,5,mean +- 1.96 sd across refits
kingdom,L3,xgb_acc,0.794,0.7771,0.8109,0.0086,5,mean +- 1.96 sd across refits
kingdom,L3,xgb_f1,0.584,0.555,0.613,0.0148,5,mean +- 1.96 sd across refits
kingdom,L4,lin_acc,0.7586,0.7319,0.7853,0.0136,5,mean +- 1.96 sd across refits
kingdom,L4,lin_f1,0.5798,0.5645,0.5951,0.0078,5,mean +- 1.96 sd across refits
kingdom,L4,xgb_acc,0.8011,0.7825,0.8197,0.0095,5,mean +- 1.96 sd across refits
kingdom,L4,xgb_f1,0.5728,0.5512,0.5944,0.011,5,mean +- 1.96 sd across refits
kingdom,L5,lin_acc,0.7736,0.7393,0.8079,0.0175,5,mean +- 1.96 sd across refits
kingdom,L5,lin_f1,0.6085,0.557,0.66,0.0263,5,mean +- 1.96 sd across refits
kingdom,L5,xgb_acc,0.8063,0.782,0.8306,0.0124,5,mean +- 1.96 sd across refits
kingdom,L5,xgb_f1,0.5879,0.5479,0.6279,0.0204,5,mean +- 1.96 sd across refits
kingdom,L6,lin_acc,0.7723,0.7458,0.7988,0.0135,5,mean +- 1.96 sd across refits
kingdom,L6,lin_f1,0.6056,0.5786,0.6326,0.0138,5,mean +- 1.96 sd across refits
kingdom,L6,xgb_acc,0.79,0.7579,0.8221,0.0164,5,mean +- 1.96 sd across refits
kingdom,L6,xgb_f1,0.5651,0.5255,0.6047,0.0202,5,mean +- 1.96 sd across refits
kingdom,L7,lin_acc,0.762,0.7493,0.7747,0.0065,5,mean +- 1.96 sd across refits
kingdom,L7,lin_f1,0.5975,0.563,0.632,0.0176,5,mean +- 1.96 sd across refits
kingdom,L7,xgb_acc,0.7746,0.7556,0.7936,0.0097,5,mean +- 1.96 sd across refits
kingdom,L7,xgb_f1,0.5564,0.4923,0.6205,0.0327,5,mean +- 1.96 sd across refits
kingdom,L8,lin_acc,0.7475,0.7342,0.7608,0.0068,5,mean +- 1.96 sd across refits
kingdom,L8,lin_f1,0.5854,0.558,0.6128,0.014,5,mean +- 1.96 sd across refits
kingdom,L8,xgb_acc,0.7694,0.7357,0.8031,0.0172,5,mean +- 1.96 sd across refits
kingdom,L8,xgb_f1,0.5477,0.5036,0.5918,0.0225,5,mean +- 1.96 sd across refits
kingdom,L9,lin_acc,0.7504,0.7341,0.7667,0.0083,5,mean +- 1.96 sd across refits
kingdom,L9,lin_f1,0.5717,0.5286,0.6148,0.022,5,mean +- 1.96 sd across refits
kingdom,L9,xgb_acc,0.7689,0.7324,0.8054,0.0186,5,mean +- 1.96 sd across refits
kingdom,L9,xgb_f1,0.5439,0.4724,0.6154,0.0365,5,mean +- 1.96 sd across refits
kingdom,emb,lin_acc,0.713,0.7024,0.7236,0.0054,5,mean +- 1.96 sd across refits
kingdom,emb,lin_f1,0.4861,0.4469,0.5253,0.02,5,mean +- 1.96 sd across refits
kingdom,emb,xgb_acc,0.7535,0.7243,0.7827,0.0149,5,mean +- 1.96 sd across refits
kingdom,emb,xgb_f1,0.5696,0.5304,0.6088,0.02,5,mean +- 1.96 sd across refits
localisation,L1,lin_acc,0.4907,0.4388,0.5426,0.0265,5,mean +- 1.96 sd across refits
localisation,L1,lin_f1,0.3951,0.3179,0.4723,0.0394,5,mean +- 1.96 sd across refits
localisation,L1,xgb_acc,0.5356,0.4766,0.5946,0.0301,5,mean +- 1.96 sd across refits
localisation,L1,xgb_f1,0.3762,0.3027,0.4497,0.0375,5,mean +- 1.96 sd across refits
localisation,L10,lin_acc,0.5554,0.5419,0.5689,0.0069,5,mean +- 1.96 sd across refits
localisation,L10,lin_f1,0.4834,0.3923,0.5745,0.0465,5,mean +- 1.96 sd across refits
localisation,L10,xgb_acc,0.6218,0.5971,0.6465,0.0126,5,mean +- 1.96 sd across refits
localisation,L10,xgb_f1,0.5073,0.4285,0.5861,0.0402,5,mean +- 1.96 sd across refits
localisation,L11,lin_acc,0.56,0.54,0.58,0.0102,5,mean +- 1.96 sd across refits
localisation,L11,lin_f1,0.4854,0.4268,0.544,0.0299,5,mean +- 1.96 sd across refits
localisation,L11,xgb_acc,0.6293,0.6001,0.6585,0.0149,5,mean +- 1.96 sd across refits
localisation,L11,xgb_f1,0.5043,0.4288,0.5798,0.0385,5,mean +- 1.96 sd across refits
localisation,L12,lin_acc,0.5588,0.5051,0.6125,0.0274,5,mean +- 1.96 sd across refits
localisation,L12,lin_f1,0.4741,0.3785,0.5697,0.0488,5,mean +- 1.96 sd across refits
localisation,L12,xgb_acc,0.6176,0.5604,0.6748,0.0292,5,mean +- 1.96 sd across refits
localisation,L12,xgb_f1,0.4933,0.3967,0.5899,0.0493,5,mean +- 1.96 sd across refits
localisation,L2,lin_acc,0.4963,0.4573,0.5353,0.0199,5,mean +- 1.96 sd across refits
localisation,L2,lin_f1,0.419,0.3857,0.4523,0.017,5,mean +- 1.96 sd across refits
localisation,L2,xgb_acc,0.5407,0.5013,0.5801,0.0201,5,mean +- 1.96 sd across refits
localisation,L2,xgb_f1,0.4068,0.3435,0.4701,0.0323,5,mean +- 1.96 sd across refits
localisation,L3,lin_acc,0.4993,0.4499,0.5487,0.0252,5,mean +- 1.96 sd across refits
localisation,L3,lin_f1,0.4287,0.3691,0.4883,0.0304,5,mean +- 1.96 sd across refits
localisation,L3,xgb_acc,0.5555,0.5126,0.5984,0.0219,5,mean +- 1.96 sd across refits
localisation,L3,xgb_f1,0.414,0.3366,0.4914,0.0395,5,mean +- 1.96 sd across refits
localisation,L4,lin_acc,0.5218,0.4987,0.5449,0.0118,5,mean +- 1.96 sd across refits
localisation,L4,lin_f1,0.4246,0.3872,0.462,0.0191,5,mean +- 1.96 sd across refits
localisation,L4,xgb_acc,0.5833,0.5545,0.6121,0.0147,5,mean +- 1.96 sd across refits
localisation,L4,xgb_f1,0.4308,0.3661,0.4955,0.033,5,mean +- 1.96 sd across refits
localisation,L5,lin_acc,0.5548,0.5409,0.5687,0.0071,5,mean +- 1.96 sd across refits
localisation,L5,lin_f1,0.4632,0.3913,0.5351,0.0367,5,mean +- 1.96 sd across refits
localisation,L5,xgb_acc,0.6088,0.5778,0.6398,0.0158,5,mean +- 1.96 sd across refits
localisation,L5,xgb_f1,0.4755,0.3975,0.5535,0.0398,5,mean +- 1.96 sd across refits
localisation,L6,lin_acc,0.5702,0.5363,0.6041,0.0173,5,mean +- 1.96 sd across refits
localisation,L6,lin_f1,0.4862,0.4105,0.5619,0.0386,5,mean +- 1.96 sd across refits
localisation,L6,xgb_acc,0.6222,0.5828,0.6616,0.0201,5,mean +- 1.96 sd across refits
localisation,L6,xgb_f1,0.5001,0.4154,0.5848,0.0432,5,mean +- 1.96 sd across refits
localisation,L7,lin_acc,0.5665,0.5199,0.6131,0.0238,5,mean +- 1.96 sd across refits
localisation,L7,lin_f1,0.4792,0.4041,0.5543,0.0383,5,mean +- 1.96 sd across refits
localisation,L7,xgb_acc,0.6264,0.6021,0.6507,0.0124,5,mean +- 1.96 sd across refits
localisation,L7,xgb_f1,0.5207,0.4413,0.6001,0.0405,5,mean +- 1.96 sd across refits
localisation,L8,lin_acc,0.5655,0.5024,0.6286,0.0322,5,mean +- 1.96 sd across refits
localisation,L8,lin_f1,0.4907,0.3962,0.5852,0.0482,5,mean +- 1.96 sd across refits
localisation,L8,xgb_acc,0.6343,0.5914,0.6772,0.0219,5,mean +- 1.96 sd across refits
localisation,L8,xgb_f1,0.5205,0.4415,0.5995,0.0403,5,mean +- 1.96 sd across refits
localisation,L9,lin_acc,0.5652,0.5168,0.6136,0.0247,5,mean +- 1.96 sd across refits
localisation,L9,lin_f1,0.4794,0.3994,0.5594,0.0408,5,mean +- 1.96 sd across refits
localisation,L9,xgb_acc,0.6278,0.6039,0.6517,0.0122,5,mean +- 1.96 sd across refits
localisation,L9,xgb_f1,0.5144,0.4389,0.5899,0.0385,5,mean +- 1.96 sd across refits
localisation,emb,lin_acc,0.4678,0.4306,0.505,0.019,5,mean +- 1.96 sd across refits
localisation,emb,lin_f1,0.3017,0.2694,0.334,0.0165,5,mean +- 1.96 sd across refits
localisation,emb,xgb_acc,0.5368,0.4856,0.588,0.0261,5,mean +- 1.96 sd across refits
localisation,emb,xgb_f1,0.3851,0.3183,0.4519,0.0341,5,mean +- 1.96 sd across refits
protein_class,L1,lin_acc,0.3398,0.3077,0.3719,0.0164,5,mean +- 1.96 sd across refits
protein_class,L1,lin_f1,0.2421,0.22,0.2642,0.0113,5,mean +- 1.96 sd across refits
protein_class,L1,xgb_acc,0.4513,0.4346,0.468,0.0085,5,mean +- 1.96 sd across refits
protein_class,L1,xgb_f1,0.2602,0.2028,0.3176,0.0293,5,mean +- 1.96 sd across refits
protein_class,L10,lin_acc,0.5077,0.4752,0.5402,0.0166,5,mean +- 1.96 sd across refits
protein_class,L10,lin_f1,0.4636,0.4193,0.5079,0.0226,5,mean +- 1.96 sd across refits
protein_class,L10,xgb_acc,0.574,0.5526,0.5954,0.0109,5,mean +- 1.96 sd across refits
protein_class,L10,xgb_f1,0.4946,0.4485,0.5407,0.0235,5,mean +- 1.96 sd across refits
protein_class,L11,lin_acc,0.4923,0.469,0.5156,0.0119,5,mean +- 1.96 sd across refits
protein_class,L11,lin_f1,0.4477,0.4095,0.4859,0.0195,5,mean +- 1.96 sd across refits
protein_class,L11,xgb_acc,0.5805,0.5538,0.6072,0.0136,5,mean +- 1.96 sd across refits
protein_class,L11,xgb_f1,0.4957,0.4575,0.5339,0.0195,5,mean +- 1.96 sd across refits
protein_class,L12,lin_acc,0.5001,0.4846,0.5156,0.0079,5,mean +- 1.96 sd across refits
protein_class,L12,lin_f1,0.4415,0.4088,0.4742,0.0167,5,mean +- 1.96 sd across refits
protein_class,L12,xgb_acc,0.5502,0.5371,0.5633,0.0067,5,mean +- 1.96 sd across refits
protein_class,L12,xgb_f1,0.4367,0.3963,0.4771,0.0206,5,mean +- 1.96 sd across refits
protein_class,L2,lin_acc,0.3561,0.3322,0.38,0.0122,5,mean +- 1.96 sd across refits
protein_class,L2,lin_f1,0.2529,0.2353,0.2705,0.009,5,mean +- 1.96 sd across refits
protein_class,L2,xgb_acc,0.4578,0.438,0.4776,0.0101,5,mean +- 1.96 sd across refits
protein_class,L2,xgb_f1,0.2675,0.2295,0.3055,0.0194,5,mean +- 1.96 sd across refits
protein_class,L3,lin_acc,0.3895,0.3626,0.4164,0.0137,5,mean +- 1.96 sd across refits
protein_class,L3,lin_f1,0.3099,0.2793,0.3405,0.0156,5,mean +- 1.96 sd across refits
protein_class,L3,xgb_acc,0.4802,0.4696,0.4908,0.0054,5,mean +- 1.96 sd across refits
protein_class,L3,xgb_f1,0.3151,0.2686,0.3616,0.0237,5,mean +- 1.96 sd across refits
protein_class,L4,lin_acc,0.4185,0.3967,0.4403,0.0111,5,mean +- 1.96 sd across refits
protein_class,L4,lin_f1,0.3528,0.3187,0.3869,0.0174,5,mean +- 1.96 sd across refits
protein_class,L4,xgb_acc,0.517,0.5015,0.5325,0.0079,5,mean +- 1.96 sd across refits
protein_class,L4,xgb_f1,0.3767,0.3459,0.4075,0.0157,5,mean +- 1.96 sd across refits
protein_class,L5,lin_acc,0.4624,0.4487,0.4761,0.007,5,mean +- 1.96 sd across refits
protein_class,L5,lin_f1,0.4062,0.3844,0.428,0.0111,5,mean +- 1.96 sd across refits
protein_class,L5,xgb_acc,0.5515,0.5301,0.5729,0.0109,5,mean +- 1.96 sd across refits
protein_class,L5,xgb_f1,0.4467,0.4191,0.4743,0.0141,5,mean +- 1.96 sd across refits
protein_class,L6,lin_acc,0.5044,0.4848,0.524,0.01,5,mean +- 1.96 sd across refits
protein_class,L6,lin_f1,0.4482,0.4037,0.4927,0.0227,5,mean +- 1.96 sd across refits
protein_class,L6,xgb_acc,0.5734,0.554,0.5928,0.0099,5,mean +- 1.96 sd across refits
protein_class,L6,xgb_f1,0.4841,0.4461,0.5221,0.0194,5,mean +- 1.96 sd across refits
protein_class,L7,lin_acc,0.5118,0.4955,0.5281,0.0083,5,mean +- 1.96 sd across refits
protein_class,L7,lin_f1,0.4549,0.4175,0.4923,0.0191,5,mean +- 1.96 sd across refits
protein_class,L7,xgb_acc,0.5759,0.5522,0.5996,0.0121,5,mean +- 1.96 sd across refits
protein_class,L7,xgb_f1,0.5029,0.4668,0.539,0.0184,5,mean +- 1.96 sd across refits
protein_class,L8,lin_acc,0.5151,0.4881,0.5421,0.0138,5,mean +- 1.96 sd across refits
protein_class,L8,lin_f1,0.4607,0.408,0.5134,0.0269,5,mean +- 1.96 sd across refits
protein_class,L8,xgb_acc,0.5816,0.5706,0.5926,0.0056,5,mean +- 1.96 sd across refits
protein_class,L8,xgb_f1,0.5055,0.4726,0.5384,0.0168,5,mean +- 1.96 sd across refits
protein_class,L9,lin_acc,0.5064,0.4741,0.5387,0.0165,5,mean +- 1.96 sd across refits
protein_class,L9,lin_f1,0.46,0.4128,0.5072,0.0241,5,mean +- 1.96 sd across refits
protein_class,L9,xgb_acc,0.5812,0.5542,0.6082,0.0138,5,mean +- 1.96 sd across refits
protein_class,L9,xgb_f1,0.5072,0.4678,0.5466,0.0201,5,mean +- 1.96 sd across refits
protein_class,emb,lin_acc,0.383,0.3716,0.3944,0.0058,5,mean +- 1.96 sd across refits
protein_class,emb,lin_f1,0.0949,0.0618,0.128,0.0169,5,mean +- 1.96 sd across refits
protein_class,emb,xgb_acc,0.434,0.4079,0.4601,0.0133,5,mean +- 1.96 sd across refits
protein_class,emb,xgb_f1,0.2313,0.1668,0.2958,0.0329,5,mean +- 1.96 sd across refits
