layer,metric,mean,lo,hi,sd,n,interval
L1,active_site_lin_acc,0.807,0.7982,0.8158,0.0045,5,mean +- 1.96 sd across refits
L1,active_site_lin_f1,0.531,0.5192,0.5428,0.006,5,mean +- 1.96 sd across refits
L1,active_site_xgb_acc,0.9142,0.902,0.9264,0.0062,5,mean +- 1.96 sd across refits
L1,active_site_xgb_f1,0.5899,0.5725,0.6073,0.0089,5,mean +- 1.96 sd across refits
L1,bfactor_lin_r2,0.1116,0.0945,0.1287,0.0087,5,mean +- 1.96 sd across refits
L1,bfactor_xgb_r2,0.0881,0.0797,0.0965,0.0043,5,mean +- 1.96 sd across refits
L1,binding_site_lin_acc,0.7569,0.7406,0.7732,0.0083,5,mean +- 1.96 sd across refits
L1,binding_site_lin_f1,0.7517,0.7358,0.7676,0.0081,5,mean +- 1.96 sd across refits
L1,binding_site_xgb_acc,0.76,0.7449,0.7751,0.0077,5,mean +- 1.96 sd across refits
L1,binding_site_xgb_f1,0.7547,0.7396,0.7698,0.0077,5,mean +- 1.96 sd across refits
L1,burial_lin_acc,0.6883,0.6826,0.694,0.0029,5,mean +- 1.96 sd across refits
L1,burial_xgb_acc,0.6833,0.6784,0.6882,0.0025,5,mean +- 1.96 sd across refits
L1,ptm_site_lin_acc,0.8634,0.8561,0.8707,0.0037,5,mean +- 1.96 sd across refits
L1,ptm_site_lin_f1,0.599,0.5749,0.6231,0.0123,5,mean +- 1.96 sd across refits
L1,ptm_site_xgb_acc,0.9338,0.9285,0.9391,0.0027,5,mean +- 1.96 sd across refits
L1,ptm_site_xgb_f1,0.6612,0.6263,0.6961,0.0178,5,mean +- 1.96 sd across refits
L1,rsa_lin_r2,0.2365,0.2247,0.2483,0.006,5,mean +- 1.96 sd across refits
L1,rsa_xgb_r2,0.2181,0.2073,0.2289,0.0055,5,mean +- 1.96 sd across refits
L1,ss3_lin_acc,0.6391,0.632,0.6462,0.0036,5,mean +- 1.96 sd across refits
L1,ss3_xgb_acc,0.6375,0.6216,0.6534,0.0081,5,mean +- 1.96 sd across refits
L10,active_site_lin_acc,0.8781,0.8628,0.8934,0.0078,5,mean +- 1.96 sd across refits
L10,active_site_lin_f1,0.5982,0.5774,0.619,0.0106,5,mean +- 1.96 sd across refits
L10,active_site_xgb_acc,0.9695,0.9654,0.9736,0.0021,5,mean +- 1.96 sd across refits
L10,active_site_xgb_f1,0.742,0.7136,0.7704,0.0145,5,mean +- 1.96 sd across refits
L10,bfactor_lin_r2,0.1884,0.1729,0.2039,0.0079,5,mean +- 1.96 sd across refits
L10,bfactor_xgb_r2,0.1637,0.1419,0.1855,0.0111,5,mean +- 1.96 sd across refits
L10,binding_site_lin_acc,0.8225,0.8147,0.8303,0.004,5,mean +- 1.96 sd across refits
L10,binding_site_lin_f1,0.817,0.8103,0.8237,0.0034,5,mean +- 1.96 sd across refits
L10,binding_site_xgb_acc,0.8221,0.8147,0.8295,0.0038,5,mean +- 1.96 sd across refits
L10,binding_site_xgb_f1,0.8158,0.8091,0.8225,0.0034,5,mean +- 1.96 sd across refits
L10,burial_lin_acc,0.7503,0.7468,0.7538,0.0018,5,mean +- 1.96 sd across refits
L10,burial_xgb_acc,0.7466,0.7421,0.7511,0.0023,5,mean +- 1.96 sd across refits
L10,ptm_site_lin_acc,0.8544,0.8387,0.8701,0.008,5,mean +- 1.96 sd across refits
L10,ptm_site_lin_f1,0.5919,0.5699,0.6139,0.0112,5,mean +- 1.96 sd across refits
L10,ptm_site_xgb_acc,0.9371,0.9287,0.9455,0.0043,5,mean +- 1.96 sd across refits
L10,ptm_site_xgb_f1,0.664,0.634,0.694,0.0153,5,mean +- 1.96 sd across refits
L10,rsa_lin_r2,0.3957,0.3783,0.4131,0.0089,5,mean +- 1.96 sd across refits
L10,rsa_xgb_r2,0.3809,0.3544,0.4074,0.0135,5,mean +- 1.96 sd across refits
L10,ss3_lin_acc,0.7861,0.7763,0.7959,0.005,5,mean +- 1.96 sd across refits
L10,ss3_xgb_acc,0.7784,0.7674,0.7894,0.0056,5,mean +- 1.96 sd across refits
L11,active_site_lin_acc,0.886,0.8742,0.8978,0.006,5,mean +- 1.96 sd across refits
L11,active_site_lin_f1,0.607,0.5896,0.6244,0.0089,5,mean +- 1.96 sd across refits
L11,active_site_xgb_acc,0.9668,0.9629,0.9707,0.002,5,mean +- 1.96 sd across refits
L11,active_site_xgb_f1,0.7363,0.7091,0.7635,0.0139,5,mean +- 1.96 sd across refits
L11,bfactor_lin_r2,0.2037,0.1868,0.2206,0.0086,5,mean +- 1.96 sd across refits
L11,bfactor_xgb_r2,0.1785,0.162,0.195,0.0084,5,mean +- 1.96 sd across refits
L11,binding_site_lin_acc,0.8208,0.8151,0.8265,0.0029,5,mean +- 1.96 sd across refits
L11,binding_site_lin_f1,0.8152,0.8105,0.8199,0.0024,5,mean +- 1.96 sd across refits
L11,binding_site_xgb_acc,0.825,0.8187,0.8313,0.0032,5,mean +- 1.96 sd across refits
L11,binding_site_xgb_f1,0.819,0.8141,0.8239,0.0025,5,mean +- 1.96 sd across refits
L11,burial_lin_acc,0.7685,0.7658,0.7712,0.0014,5,mean +- 1.96 sd across refits
L11,burial_xgb_acc,0.761,0.7534,0.7686,0.0039,5,mean +- 1.96 sd across refits
L11,ptm_site_lin_acc,0.8587,0.8465,0.8709,0.0062,5,mean +- 1.96 sd across refits
L11,ptm_site_lin_f1,0.5976,0.5737,0.6215,0.0122,5,mean +- 1.96 sd across refits
L11,ptm_site_xgb_acc,0.9342,0.9289,0.9395,0.0027,5,mean +- 1.96 sd across refits
L11,ptm_site_xgb_f1,0.6662,0.6403,0.6921,0.0132,5,mean +- 1.96 sd across refits
L11,rsa_lin_r2,0.4404,0.4177,0.4631,0.0116,5,mean +- 1.96 sd across refits
L11,rsa_xgb_r2,0.4151,0.3973,0.4329,0.0091,5,mean +- 1.96 sd across refits
L11,ss3_lin_acc,0.7958,0.7864,0.8052,0.0048,5,mean +- 1.96 sd across refits
L11,ss3_xgb_acc,0.7858,0.7758,0.7958,0.0051,5,mean +- 1.96 sd across refits
L12,active_site_lin_acc,0.8822,0.8732,0.8912,0.0046,5,mean +- 1.96 sd across refits
L12,active_site_lin_f1,0.6019,0.5845,0.6193,0.0089,5,mean +- 1.96 sd across refits
L12,active_site_xgb_acc,0.9641,0.9588,0.9694,0.0027,5,mean +- 1.96 sd across refits
L12,active_site_xgb_f1,0.7197,0.6921,0.7473,0.0141,5,mean +- 1.96 sd across refits
L12,bfactor_lin_r2,0.2014,0.1857,0.2171,0.008,5,mean +- 1.96 sd across refits
L12,bfactor_xgb_r2,0.18,0.1629,0.1971,0.0087,5,mean +- 1.96 sd across refits
L12,binding_site_lin_acc,0.8175,0.8095,0.8255,0.0041,5,mean +- 1.96 sd across refits
L12,binding_site_lin_f1,0.8115,0.8023,0.8207,0.0047,5,mean +- 1.96 sd across refits
L12,binding_site_xgb_acc,0.8143,0.8106,0.818,0.0019,5,mean +- 1.96 sd across refits
L12,binding_site_xgb_f1,0.808,0.8045,0.8115,0.0018,5,mean +- 1.96 sd across refits
L12,burial_lin_acc,0.7672,0.7607,0.7737,0.0033,5,mean +- 1.96 sd across refits
L12,burial_xgb_acc,0.7597,0.7524,0.767,0.0037,5,mean +- 1.96 sd across refits
L12,ptm_site_lin_acc,0.8605,0.8513,0.8697,0.0047,5,mean +- 1.96 sd across refits
L12,ptm_site_lin_f1,0.5993,0.5762,0.6224,0.0118,5,mean +- 1.96 sd across refits
L12,ptm_site_xgb_acc,0.9386,0.9313,0.9459,0.0037,5,mean +- 1.96 sd across refits
L12,ptm_site_xgb_f1,0.6799,0.6431,0.7167,0.0188,5,mean +- 1.96 sd across refits
L12,rsa_lin_r2,0.4409,0.4178,0.464,0.0118,5,mean +- 1.96 sd across refits
L12,rsa_xgb_r2,0.4203,0.4019,0.4387,0.0094,5,mean +- 1.96 sd across refits
L12,ss3_lin_acc,0.7923,0.7823,0.8023,0.0051,5,mean +- 1.96 sd across refits
L12,ss3_xgb_acc,0.7759,0.7655,0.7863,0.0053,5,mean +- 1.96 sd across refits
L2,active_site_lin_acc,0.8155,0.8067,0.8243,0.0045,5,mean +- 1.96 sd across refits
L2,active_site_lin_f1,0.5379,0.5226,0.5532,0.0078,5,mean +- 1.96 sd across refits
L2,active_site_xgb_acc,0.9342,0.9264,0.942,0.004,5,mean +- 1.96 sd across refits
L2,active_site_xgb_f1,0.6149,0.5892,0.6406,0.0131,5,mean +- 1.96 sd across refits
L2,bfactor_lin_r2,0.1356,0.1268,0.1444,0.0045,5,mean +- 1.96 sd across refits
L2,bfactor_xgb_r2,0.0994,0.0874,0.1114,0.0061,5,mean +- 1.96 sd across refits
L2,binding_site_lin_acc,0.7626,0.7512,0.774,0.0058,5,mean +- 1.96 sd across refits
L2,binding_site_lin_f1,0.7574,0.7468,0.768,0.0054,5,mean +- 1.96 sd across refits
L2,binding_site_xgb_acc,0.7592,0.7465,0.7719,0.0065,5,mean +- 1.96 sd across refits
L2,binding_site_xgb_f1,0.7536,0.7411,0.7661,0.0064,5,mean +- 1.96 sd across refits
L2,burial_lin_acc,0.7043,0.7016,0.707,0.0014,5,mean +- 1.96 sd across refits
L2,burial_xgb_acc,0.6953,0.6884,0.7022,0.0035,5,mean +- 1.96 sd across refits
L2,ptm_site_lin_acc,0.8587,0.8483,0.8691,0.0053,5,mean +- 1.96 sd across refits
L2,ptm_site_lin_f1,0.5973,0.5724,0.6222,0.0127,5,mean +- 1.96 sd across refits
L2,ptm_site_xgb_acc,0.9328,0.9304,0.9352,0.0012,5,mean +- 1.96 sd across refits
L2,ptm_site_xgb_f1,0.6574,0.6386,0.6762,0.0096,5,mean +- 1.96 sd across refits
L2,rsa_lin_r2,0.2843,0.2649,0.3037,0.0099,5,mean +- 1.96 sd across refits
L2,rsa_xgb_r2,0.2556,0.2421,0.2691,0.0069,5,mean +- 1.96 sd across refits
L2,ss3_lin_acc,0.691,0.6828,0.6992,0.0042,5,mean +- 1.96 sd across refits
L2,ss3_xgb_acc,0.6807,0.6691,0.6923,0.0059,5,mean +- 1.96 sd across refits
L3,active_site_lin_acc,0.8252,0.814,0.8364,0.0057,5,mean +- 1.96 sd across refits
L3,active_site_lin_f1,0.543,0.5256,0.5604,0.0089,5,mean +- 1.96 sd across refits
L3,active_site_xgb_acc,0.9425,0.938,0.947,0.0023,5,mean +- 1.96 sd across refits
L3,active_site_xgb_f1,0.624,0.6069,0.6411,0.0087,5,mean +- 1.96 sd across refits
L3,bfactor_lin_r2,0.1368,0.1258,0.1478,0.0056,5,mean +- 1.96 sd across refits
L3,bfactor_xgb_r2,0.0992,0.0872,0.1112,0.0061,5,mean +- 1.96 sd across refits
L3,binding_site_lin_acc,0.7806,0.7702,0.791,0.0053,5,mean +- 1.96 sd across refits
L3,binding_site_lin_f1,0.7755,0.7655,0.7855,0.0051,5,mean +- 1.96 sd across refits
L3,binding_site_xgb_acc,0.7707,0.7617,0.7797,0.0046,5,mean +- 1.96 sd across refits
L3,binding_site_xgb_f1,0.7649,0.7553,0.7745,0.0049,5,mean +- 1.96 sd across refits
L3,burial_lin_acc,0.7115,0.7033,0.7197,0.0042,5,mean +- 1.96 sd across refits
L3,burial_xgb_acc,0.7022,0.6914,0.713,0.0055,5,mean +- 1.96 sd across refits
L3,ptm_site_lin_acc,0.8576,0.8492,0.866,0.0043,5,mean +- 1.96 sd across refits
L3,ptm_site_lin_f1,0.5954,0.5689,0.6219,0.0135,5,mean +- 1.96 sd across refits
L3,ptm_site_xgb_acc,0.9325,0.9252,0.9398,0.0037,5,mean +- 1.96 sd across refits
L3,ptm_site_xgb_f1,0.6481,0.6105,0.6857,0.0192,5,mean +- 1.96 sd across refits
L3,rsa_lin_r2,0.2982,0.2823,0.3141,0.0081,5,mean +- 1.96 sd across refits
L3,rsa_xgb_r2,0.263,0.2491,0.2769,0.0071,5,mean +- 1.96 sd across refits
L3,ss3_lin_acc,0.7256,0.7197,0.7315,0.003,5,mean +- 1.96 sd across refits
L3,ss3_xgb_acc,0.7125,0.7023,0.7227,0.0052,5,mean +- 1.96 sd across refits
L4,active_site_lin_acc,0.8221,0.8162,0.828,0.003,5,mean +- 1.96 sd across refits
L4,active_site_lin_f1,0.542,0.5344,0.5496,0.0039,5,mean +- 1.96 sd across refits
L4,active_site_xgb_acc,0.9451,0.938,0.9522,0.0036,5,mean +- 1.96 sd across refits
L4,active_site_xgb_f1,0.6303,0.5935,0.6671,0.0188,5,mean +- 1.96 sd across refits
L4,bfactor_lin_r2,0.1396,0.1235,0.1557,0.0082,5,mean +- 1.96 sd across refits
L4,bfactor_xgb_r2,0.1062,0.1009,0.1115,0.0027,5,mean +- 1.96 sd across refits
L4,binding_site_lin_acc,0.7844,0.7771,0.7917,0.0037,5,mean +- 1.96 sd across refits
L4,binding_site_lin_f1,0.7794,0.7723,0.7865,0.0036,5,mean +- 1.96 sd across refits
L4,binding_site_xgb_acc,0.7751,0.7682,0.782,0.0035,5,mean +- 1.96 sd across refits
L4,binding_site_xgb_f1,0.7695,0.764,0.775,0.0028,5,mean +- 1.96 sd across refits
L4,burial_lin_acc,0.7147,0.7037,0.7257,0.0056,5,mean +- 1.96 sd across refits
L4,burial_xgb_acc,0.7053,0.6973,0.7133,0.0041,5,mean +- 1.96 sd across refits
L4,ptm_site_lin_acc,0.8611,0.8542,0.868,0.0035,5,mean +- 1.96 sd across refits
L4,ptm_site_lin_f1,0.5993,0.5781,0.6205,0.0108,5,mean +- 1.96 sd across refits
L4,ptm_site_xgb_acc,0.9336,0.9258,0.9414,0.004,5,mean +- 1.96 sd across refits
L4,ptm_site_xgb_f1,0.6512,0.6159,0.6865,0.018,5,mean +- 1.96 sd across refits
L4,rsa_lin_r2,0.3044,0.2848,0.324,0.01,5,mean +- 1.96 sd across refits
L4,rsa_xgb_r2,0.2809,0.2515,0.3103,0.015,5,mean +- 1.96 sd across refits
L4,ss3_lin_acc,0.7279,0.7185,0.7373,0.0048,5,mean +- 1.96 sd across refits
L4,ss3_xgb_acc,0.7151,0.7041,0.7261,0.0056,5,mean +- 1.96 sd across refits
L5,active_site_lin_acc,0.8424,0.8344,0.8504,0.0041,5,mean +- 1.96 sd across refits
L5,active_site_lin_f1,0.559,0.5449,0.5731,0.0072,5,mean +- 1.96 sd across refits
L5,active_site_xgb_acc,0.9518,0.9485,0.9551,0.0017,5,mean +- 1.96 sd across refits
L5,active_site_xgb_f1,0.6591,0.6448,0.6734,0.0073,5,mean +- 1.96 sd across refits
L5,bfactor_lin_r2,0.1379,0.1271,0.1487,0.0055,5,mean +- 1.96 sd across refits
L5,bfactor_xgb_r2,0.1141,0.1055,0.1227,0.0044,5,mean +- 1.96 sd across refits
L5,binding_site_lin_acc,0.7973,0.7877,0.8069,0.0049,5,mean +- 1.96 sd across refits
L5,binding_site_lin_f1,0.7925,0.7821,0.8029,0.0053,5,mean +- 1.96 sd across refits
L5,binding_site_xgb_acc,0.787,0.7784,0.7956,0.0044,5,mean +- 1.96 sd across refits
L5,binding_site_xgb_f1,0.7815,0.7737,0.7893,0.004,5,mean +- 1.96 sd across refits
L5,burial_lin_acc,0.7178,0.7109,0.7247,0.0035,5,mean +- 1.96 sd across refits
L5,burial_xgb_acc,0.7142,0.7101,0.7183,0.0021,5,mean +- 1.96 sd across refits
L5,ptm_site_lin_acc,0.8613,0.8499,0.8727,0.0058,5,mean +- 1.96 sd across refits
L5,ptm_site_lin_f1,0.5958,0.5701,0.6215,0.0131,5,mean +- 1.96 sd across refits
L5,ptm_site_xgb_acc,0.936,0.9315,0.9405,0.0023,5,mean +- 1.96 sd across refits
L5,ptm_site_xgb_f1,0.6585,0.6342,0.6828,0.0124,5,mean +- 1.96 sd across refits
L5,rsa_lin_r2,0.3111,0.2964,0.3258,0.0075,5,mean +- 1.96 sd across refits
L5,rsa_xgb_r2,0.2939,0.2847,0.3031,0.0047,5,mean +- 1.96 sd across refits
L5,ss3_lin_acc,0.7375,0.7275,0.7475,0.0051,5,mean +- 1.96 sd across refits
L5,ss3_xgb_acc,0.7283,0.7216,0.735,0.0034,5,mean +- 1.96 sd across refits
L6,active_site_lin_acc,0.863,0.8514,0.8746,0.0059,5,mean +- 1.96 sd across refits
L6,active_site_lin_f1,0.5816,0.564,0.5992,0.009,5,mean +- 1.96 sd across refits
L6,active_site_xgb_acc,0.9611,0.956,0.9662,0.0026,5,mean +- 1.96 sd across refits
L6,active_site_xgb_f1,0.6984,0.679,0.7178,0.0099,5,mean +- 1.96 sd across refits
L6,bfactor_lin_r2,0.1449,0.1373,0.1525,0.0039,5,mean +- 1.96 sd across refits
L6,bfactor_xgb_r2,0.1264,0.1219,0.1309,0.0023,5,mean +- 1.96 sd across refits
L6,binding_site_lin_acc,0.8118,0.8061,0.8175,0.0029,5,mean +- 1.96 sd across refits
L6,binding_site_lin_f1,0.8069,0.8008,0.813,0.0031,5,mean +- 1.96 sd across refits
L6,binding_site_xgb_acc,0.808,0.799,0.817,0.0046,5,mean +- 1.96 sd across refits
L6,binding_site_xgb_f1,0.8019,0.7923,0.8115,0.0049,5,mean +- 1.96 sd across refits
L6,burial_lin_acc,0.7188,0.7157,0.7219,0.0016,5,mean +- 1.96 sd across refits
L6,burial_xgb_acc,0.7171,0.713,0.7212,0.0021,5,mean +- 1.96 sd across refits
L6,ptm_site_lin_acc,0.8645,0.8539,0.8751,0.0054,5,mean +- 1.96 sd across refits
L6,ptm_site_lin_f1,0.5998,0.5802,0.6194,0.01,5,mean +- 1.96 sd across refits
L6,ptm_site_xgb_acc,0.9387,0.9328,0.9446,0.003,5,mean +- 1.96 sd across refits
L6,ptm_site_xgb_f1,0.6628,0.6324,0.6932,0.0155,5,mean +- 1.96 sd across refits
L6,rsa_lin_r2,0.3163,0.2961,0.3365,0.0103,5,mean +- 1.96 sd across refits
L6,rsa_xgb_r2,0.3072,0.2945,0.3199,0.0065,5,mean +- 1.96 sd across refits
L6,ss3_lin_acc,0.7385,0.7356,0.7414,0.0015,5,mean +- 1.96 sd across refits
L6,ss3_xgb_acc,0.7301,0.7246,0.7356,0.0028,5,mean +- 1.96 sd across refits
L7,active_site_lin_acc,0.8639,0.8478,0.88,0.0082,5,mean +- 1.96 sd across refits
L7,active_site_lin_f1,0.5816,0.5579,0.6053,0.0121,5,mean +- 1.96 sd across refits
L7,active_site_xgb_acc,0.9648,0.9603,0.9693,0.0023,5,mean +- 1.96 sd across refits
L7,active_site_xgb_f1,0.7173,0.6883,0.7463,0.0148,5,mean +- 1.96 sd across refits
L7,bfactor_lin_r2,0.1428,0.1359,0.1497,0.0035,5,mean +- 1.96 sd across refits
L7,bfactor_xgb_r2,0.1329,0.1251,0.1407,0.004,5,mean +- 1.96 sd across refits
L7,binding_site_lin_acc,0.8141,0.8086,0.8196,0.0028,5,mean +- 1.96 sd across refits
L7,binding_site_lin_f1,0.8087,0.8036,0.8138,0.0026,5,mean +- 1.96 sd across refits
L7,binding_site_xgb_acc,0.8185,0.8126,0.8244,0.003,5,mean +- 1.96 sd across refits
L7,binding_site_xgb_f1,0.8122,0.8063,0.8181,0.003,5,mean +- 1.96 sd across refits
L7,burial_lin_acc,0.7195,0.7109,0.7281,0.0044,5,mean +- 1.96 sd across refits
L7,burial_xgb_acc,0.7195,0.7136,0.7254,0.003,5,mean +- 1.96 sd across refits
L7,ptm_site_lin_acc,0.8571,0.8479,0.8663,0.0047,5,mean +- 1.96 sd across refits
L7,ptm_site_lin_f1,0.5908,0.5698,0.6118,0.0107,5,mean +- 1.96 sd across refits
L7,ptm_site_xgb_acc,0.939,0.9361,0.9419,0.0015,5,mean +- 1.96 sd across refits
L7,ptm_site_xgb_f1,0.6641,0.6427,0.6855,0.0109,5,mean +- 1.96 sd across refits
L7,rsa_lin_r2,0.318,0.2986,0.3374,0.0099,5,mean +- 1.96 sd across refits
L7,rsa_xgb_r2,0.3132,0.2952,0.3312,0.0092,5,mean +- 1.96 sd across refits
L7,ss3_lin_acc,0.7495,0.7424,0.7566,0.0036,5,mean +- 1.96 sd across refits
L7,ss3_xgb_acc,0.7363,0.7271,0.7455,0.0047,5,mean +- 1.96 sd across refits
L8,active_site_lin_acc,0.8637,0.8535,0.8739,0.0052,5,mean +- 1.96 sd across refits
L8,active_site_lin_f1,0.5825,0.5694,0.5956,0.0067,5,mean +- 1.96 sd across refits
L8,active_site_xgb_acc,0.9692,0.9661,0.9723,0.0016,5,mean +- 1.96 sd across refits
L8,active_site_xgb_f1,0.737,0.717,0.757,0.0102,5,mean +- 1.96 sd across refits
L8,bfactor_lin_r2,0.1597,0.1423,0.1771,0.0089,5,mean +- 1.96 sd across refits
L8,bfactor_xgb_r2,0.1401,0.1321,0.1481,0.0041,5,mean +- 1.96 sd across refits
L8,binding_site_lin_acc,0.8183,0.8142,0.8224,0.0021,5,mean +- 1.96 sd across refits
L8,binding_site_lin_f1,0.813,0.8079,0.8181,0.0026,5,mean +- 1.96 sd across refits
L8,binding_site_xgb_acc,0.8243,0.818,0.8306,0.0032,5,mean +- 1.96 sd across refits
L8,binding_site_xgb_f1,0.818,0.8125,0.8235,0.0028,5,mean +- 1.96 sd across refits
L8,burial_lin_acc,0.7325,0.7266,0.7384,0.003,5,mean +- 1.96 sd across refits
L8,burial_xgb_acc,0.7276,0.7239,0.7313,0.0019,5,mean +- 1.96 sd across refits
L8,ptm_site_lin_acc,0.8571,0.8465,0.8677,0.0054,5,mean +- 1.96 sd across refits
L8,ptm_site_lin_f1,0.59,0.5673,0.6127,0.0116,5,mean +- 1.96 sd across refits
L8,ptm_site_xgb_acc,0.9396,0.9339,0.9453,0.0029,5,mean +- 1.96 sd across refits
L8,ptm_site_xgb_f1,0.6606,0.6285,0.6927,0.0164,5,mean +- 1.96 sd across refits
L8,rsa_lin_r2,0.3448,0.326,0.3636,0.0096,5,mean +- 1.96 sd across refits
L8,rsa_xgb_r2,0.3351,0.3173,0.3529,0.0091,5,mean +- 1.96 sd across refits
L8,ss3_lin_acc,0.7663,0.7589,0.7737,0.0038,5,mean +- 1.96 sd across refits
L8,ss3_xgb_acc,0.7585,0.7512,0.7658,0.0037,5,mean +- 1.96 sd across refits
L9,active_site_lin_acc,0.8764,0.8652,0.8876,0.0057,5,mean +- 1.96 sd across refits
L9,active_site_lin_f1,0.5941,0.5778,0.6104,0.0083,5,mean +- 1.96 sd across refits
L9,active_site_xgb_acc,0.9712,0.9683,0.9741,0.0015,5,mean +- 1.96 sd across refits
L9,active_site_xgb_f1,0.7503,0.7362,0.7644,0.0072,5,mean +- 1.96 sd across refits
L9,bfactor_lin_r2,0.1779,0.1654,0.1904,0.0064,5,mean +- 1.96 sd across refits
L9,bfactor_xgb_r2,0.1573,0.1463,0.1683,0.0056,5,mean +- 1.96 sd across refits
L9,binding_site_lin_acc,0.8213,0.814,0.8286,0.0037,5,mean +- 1.96 sd across refits
L9,binding_site_lin_f1,0.8157,0.809,0.8224,0.0034,5,mean +- 1.96 sd across refits
L9,binding_site_xgb_acc,0.8262,0.8209,0.8315,0.0027,5,mean +- 1.96 sd across refits
L9,binding_site_xgb_f1,0.82,0.8149,0.8251,0.0026,5,mean +- 1.96 sd across refits
L9,burial_lin_acc,0.7413,0.7333,0.7493,0.0041,5,mean +- 1.96 sd across refits
L9,burial_xgb_acc,0.7401,0.7354,0.7448,0.0024,5,mean +- 1.96 sd across refits
L9,ptm_site_lin_acc,0.8513,0.8401,0.8625,0.0057,5,mean +- 1.96 sd across refits
L9,ptm_site_lin_f1,0.586,0.5611,0.6109,0.0127,5,mean +- 1.96 sd across refits
L9,ptm_site_xgb_acc,0.9398,0.9316,0.948,0.0042,5,mean +- 1.96 sd across refits
L9,ptm_site_xgb_f1,0.6643,0.6343,0.6943,0.0153,5,mean +- 1.96 sd across refits
L9,rsa_lin_r2,0.3748,0.3593,0.3903,0.0079,5,mean +- 1.96 sd across refits
L9,rsa_xgb_r2,0.3658,0.3482,0.3834,0.009,5,mean +- 1.96 sd across refits
L9,ss3_lin_acc,0.7811,0.7772,0.785,0.002,5,mean +- 1.96 sd across refits
L9,ss3_xgb_acc,0.7778,0.7649,0.7907,0.0066,5,mean +- 1.96 sd across refits
emb,active_site_lin_acc,0.6213,0.489,0.7536,0.0675,5,mean +- 1.96 sd across refits
emb,active_site_lin_f1,0.4356,0.3666,0.5046,0.0352,5,mean +- 1.96 sd across refits
emb,active_site_xgb_acc,0.6213,0.489,0.7536,0.0675,5,mean +- 1.96 sd across refits
emb,active_site_xgb_f1,0.4355,0.3667,0.5043,0.0351,5,mean +- 1.96 sd across refits
emb,bfactor_lin_r2,0.0146,0.0093,0.0199,0.0027,5,mean +- 1.96 sd across refits
emb,bfactor_xgb_r2,0.0146,0.0093,0.0199,0.0027,5,mean +- 1.96 sd across refits
emb,binding_site_lin_acc,0.6121,0.5958,0.6284,0.0083,5,mean +- 1.96 sd across refits
emb,binding_site_lin_f1,0.6087,0.5932,0.6242,0.0079,5,mean +- 1.96 sd across refits
emb,binding_site_xgb_acc,0.6121,0.5958,0.6284,0.0083,5,mean +- 1.96 sd across refits
emb,binding_site_xgb_f1,0.6086,0.5931,0.6241,0.0079,5,mean +- 1.96 sd across refits
emb,burial_lin_acc,0.6187,0.6146,0.6228,0.0021,5,mean +- 1.96 sd across refits
emb,burial_xgb_acc,0.6187,0.6146,0.6228,0.0021,5,mean +- 1.96 sd across refits
emb,ptm_site_lin_acc,0.7764,0.7378,0.815,0.0197,5,mean +- 1.96 sd across refits
emb,ptm_site_lin_f1,0.5368,0.5096,0.564,0.0139,5,mean +- 1.96 sd across refits
emb,ptm_site_xgb_acc,0.7764,0.7378,0.815,0.0197,5,mean +- 1.96 sd across refits
emb,ptm_site_xgb_f1,0.5368,0.5096,0.564,0.0139,5,mean +- 1.96 sd across refits
emb,rsa_lin_r2,0.083,0.0716,0.0944,0.0058,5,mean +- 1.96 sd across refits
emb,rsa_xgb_r2,0.083,0.0716,0.0944,0.0058,5,mean +- 1.96 sd across refits
emb,ss3_lin_acc,0.5617,0.5417,0.5817,0.0102,5,mean +- 1.96 sd across refits
emb,ss3_xgb_acc,0.5617,0.5417,0.5817,0.0102,5,mean +- 1.96 sd across refits
