donor_layer,inject_layer,n_repeats,connector_r2_mean,connector_r2_sd,ss3_stitched_mean,ss3_stitched_sd,ss3_native_mean,ss3_native_sd,ss3_stitched_rand_mean,ss3_stitched_rand_sd,ss3_donor_mean,ss3_donor_sd,ss3_delta_mean,ss3_delta_lo,ss3_delta_hi,ss3_delta_rand_mean,ss3_delta_rand_lo,ss3_delta_rand_hi,ss3_verdict,burial_stitched_mean,burial_stitched_sd,burial_native_mean,burial_native_sd,burial_stitched_rand_mean,burial_stitched_rand_sd,burial_donor_mean,burial_donor_sd,burial_delta_mean,burial_delta_lo,burial_delta_hi,burial_delta_rand_mean,burial_delta_rand_lo,burial_delta_rand_hi,burial_verdict,rsa_stitched_mean,rsa_stitched_sd,rsa_native_mean,rsa_native_sd,rsa_stitched_rand_mean,rsa_stitched_rand_sd,rsa_donor_mean,rsa_donor_sd,rsa_delta_mean,rsa_delta_lo,rsa_delta_hi,rsa_delta_rand_mean,rsa_delta_rand_lo,rsa_delta_rand_hi,rsa_verdict
4,1,5,0.5958,0.0149,0.6747,0.0135,0.684,0.0146,0.5483,0.0135,0.6968,0.0125,-0.0221,-0.0515,0.0073,-0.1485,-0.1932,-0.1038,no clear difference,0.7461,0.0083,0.741,0.0038,0.6863,0.0113,0.7279,0.0058,0.0182,-0.0024,0.0388,-0.0416,-0.071,-0.0122,no clear difference,0.3571,0.0159,0.3565,0.0264,0.172,0.0242,0.3161,0.025,0.041,0.0063,0.0756,-0.1441,-0.1727,-0.1155,better
4,2,5,0.4224,0.0096,0.6639,0.018,0.6661,0.0148,0.6416,0.0199,0.7046,0.0135,-0.0408,-0.0799,-0.0017,-0.063,-0.0931,-0.0329,worse,0.7413,0.0136,0.7548,0.0104,0.707,0.0073,0.7364,0.0098,0.0049,-0.0281,0.038,-0.0294,-0.05,-0.0088,no clear difference,0.3177,0.0248,0.3374,0.0185,0.2533,0.0361,0.3208,0.0224,-0.0031,-0.0692,0.063,-0.0675,-0.1031,-0.0319,no clear difference
4,3,5,0.3424,0.0076,0.6653,0.02,0.6777,0.0151,0.6603,0.0107,0.7127,0.019,-0.0474,-0.0824,-0.0123,-0.0524,-0.0803,-0.0244,worse,0.719,0.0083,0.7405,0.0094,0.7121,0.0171,0.7183,0.0107,0.0007,-0.0254,0.0269,-0.0062,-0.0505,0.0381,no clear difference,0.2483,0.0299,0.3086,0.0122,0.2509,0.0382,0.3087,0.0215,-0.0604,-0.0776,-0.0431,-0.0578,-0.1042,-0.0115,worse
4,4,5,0.3511,0.0082,0.6723,0.0178,0.676,0.0238,0.6545,0.024,0.7089,0.0108,-0.0366,-0.0584,-0.0148,-0.0544,-0.0876,-0.0212,worse,0.706,0.0103,0.731,0.013,0.6975,0.0147,0.7184,0.0118,-0.0124,-0.0365,0.0117,-0.021,-0.0543,0.0124,no clear difference,0.2389,0.0389,0.3081,0.0261,0.2607,0.0358,0.3054,0.0287,-0.0665,-0.1243,-0.0087,-0.0447,-0.0897,0.0003,worse
4,5,5,0.3749,0.0129,0.6823,0.0122,0.6769,0.026,0.6688,0.0135,0.7096,0.0146,-0.0273,-0.0533,-0.0013,-0.0408,-0.0755,-0.0061,worse,0.7098,0.0104,0.7465,0.0155,0.7045,0.0083,0.7308,0.0056,-0.021,-0.0406,-0.0014,-0.0263,-0.0396,-0.013,worse,0.2334,0.0392,0.3245,0.0204,0.2536,0.0333,0.3082,0.0339,-0.0748,-0.1623,0.0128,-0.0546,-0.1229,0.0137,no clear difference
4,6,5,0.2766,0.0137,0.6705,0.0109,0.6885,0.0116,0.6667,0.0155,0.7127,0.0101,-0.0422,-0.0584,-0.026,-0.046,-0.0819,-0.0102,worse,0.7166,0.0073,0.7305,0.0118,0.707,0.0177,0.7258,0.0137,-0.0092,-0.0378,0.0193,-0.0189,-0.0464,0.0087,no clear difference,0.2469,0.0197,0.317,0.0273,0.2521,0.0142,0.3061,0.031,-0.0592,-0.1473,0.0289,-0.0541,-0.1205,0.0124,no clear difference
4,7,5,0.2147,0.0169,0.6849,0.0185,0.6835,0.0144,0.6767,0.0056,0.7175,0.0099,-0.0326,-0.0786,0.0134,-0.0408,-0.0635,-0.0181,no clear difference,0.7183,0.0094,0.7386,0.0137,0.7113,0.0164,0.7279,0.0056,-0.0096,-0.0263,0.0071,-0.0166,-0.0557,0.0224,no clear difference,0.2318,0.0305,0.3167,0.0085,0.2654,0.037,0.2792,0.0365,-0.0474,-0.0642,-0.0307,-0.0138,-0.0392,0.0115,worse
4,8,5,0.2127,0.0136,0.6824,0.0169,0.68,0.0141,0.6943,0.019,0.7026,0.0135,-0.0203,-0.0471,0.0066,-0.0084,-0.0289,0.0122,no clear difference,0.7176,0.0086,0.7357,0.0067,0.7147,0.0039,0.7261,0.0104,-0.0085,-0.0305,0.0135,-0.0114,-0.032,0.0092,no clear difference,0.2639,0.0422,0.3152,0.0231,0.2615,0.0224,0.3016,0.014,-0.0377,-0.1185,0.043,-0.0401,-0.0911,0.0109,no clear difference
4,9,5,0.2069,0.0116,0.6751,0.0187,0.6805,0.0204,0.7059,0.0102,0.7045,0.0141,-0.0294,-0.0784,0.0196,0.0014,-0.0242,0.0269,no clear difference,0.7077,0.0116,0.7413,0.009,0.7189,0.01,0.7259,0.0071,-0.0182,-0.0382,0.0019,-0.007,-0.0257,0.0116,no clear difference,0.2557,0.0238,0.3183,0.0283,0.2717,0.0396,0.3025,0.0351,-0.0468,-0.0818,-0.0119,-0.0309,-0.0637,0.002,worse
4,10,5,0.2204,0.0113,0.6801,0.0246,0.6816,0.0198,0.7072,0.0094,0.7047,0.0145,-0.0246,-0.0512,0.002,0.0024,-0.0084,0.0133,no clear difference,0.7174,0.0171,0.7412,0.0144,0.7266,0.0189,0.7153,0.016,0.0022,-0.0089,0.0132,0.0113,0.0043,0.0182,no clear difference,0.2748,0.0501,0.3334,0.0193,0.2878,0.0454,0.3066,0.0443,-0.0318,-0.0566,-0.0071,-0.0188,-0.0613,0.0237,worse
4,11,5,0.3219,0.0089,0.6915,0.0137,0.6854,0.0134,0.7059,0.0133,0.702,0.0091,-0.0105,-0.0302,0.0091,0.0039,-0.0088,0.0165,no clear difference,0.7206,0.0078,0.7462,0.0046,0.7307,0.0119,0.7226,0.0084,-0.0021,-0.026,0.0219,0.0081,-0.0039,0.0201,no clear difference,0.2762,0.0251,0.3411,0.0238,0.3186,0.0366,0.3121,0.0401,-0.036,-0.0818,0.0099,0.0065,-0.032,0.0449,no clear difference
4,12,5,0.3538,0.0104,0.6898,0.0098,0.6784,0.0147,0.6898,0.0098,0.6902,0.0097,-0.0004,-0.0181,0.0173,-0.0004,-0.0181,0.0173,no clear difference,0.7284,0.0108,0.7425,0.0089,0.7284,0.0108,0.7277,0.0114,0.0006,-0.0311,0.0324,0.0006,-0.0311,0.0324,no clear difference,0.3092,0.036,0.3456,0.0109,0.3092,0.036,0.3244,0.0276,-0.0153,-0.0684,0.0378,-0.0153,-0.0684,0.0378,no clear difference
