repeat,donor_layer,inject_layer,connector_r2_heldout,n_eval_residues,ss3_stitched,ss3_native,ss3_stitched_rand,ss3_donor,burial_stitched,burial_native,burial_stitched_rand,burial_donor,rsa_stitched,rsa_native,rsa_stitched_rand,rsa_donor
0,4,1,0.6096,4000,0.6546,0.6589,0.5644,0.6854,0.7464,0.739,0.6793,0.7269,0.3529,0.3344,0.1353,0.2954
0,4,2,0.4261,4000,0.6621,0.6637,0.6265,0.6817,0.7452,0.7592,0.7132,0.7323,0.2998,0.3312,0.22,0.3084
0,4,3,0.3434,4000,0.6644,0.6646,0.6601,0.6881,0.7184,0.7479,0.7329,0.7122,0.2911,0.2983,0.3005,0.3411
0,4,4,0.3511,4000,0.6979,0.7022,0.6765,0.7147,0.7016,0.7355,0.6826,0.7212,0.2345,0.2933,0.2733,0.3163
0,4,5,0.372,4000,0.6667,0.6666,0.6759,0.7012,0.7169,0.7567,0.7033,0.7251,0.2917,0.349,0.2947,0.2933
0,4,6,0.2725,4000,0.6602,0.6977,0.6479,0.7147,0.7238,0.7432,0.7011,0.7153,0.2748,0.3457,0.2613,0.2708
0,4,7,0.2174,4000,0.6812,0.6955,0.6772,0.7205,0.7262,0.7503,0.6872,0.7353,0.2337,0.3287,0.2586,0.2699
0,4,8,0.2102,4000,0.6755,0.6624,0.702,0.7006,0.7245,0.7328,0.7184,0.7162,0.3007,0.3251,0.2991,0.3079
0,4,9,0.2031,4000,0.6929,0.7057,0.7029,0.6819,0.7083,0.7421,0.7348,0.7257,0.268,0.3443,0.2927,0.327
0,4,10,0.2181,4000,0.6485,0.6569,0.7011,0.6937,0.729,0.7613,0.7408,0.7269,0.3463,0.3657,0.3376,0.3753
0,4,11,0.3229,4000,0.6976,0.6873,0.7192,0.7075,0.7262,0.7491,0.7446,0.7309,0.2847,0.3414,0.3212,0.3289
0,4,12,0.3565,4000,0.7024,0.6765,0.7024,0.6987,0.7123,0.7372,0.7123,0.7281,0.2674,0.3376,0.2674,0.3045
1,4,1,0.5946,4000,0.6893,0.6944,0.5611,0.695,0.7389,0.7427,0.6927,0.7204,0.3806,0.3859,0.1812,0.3299
1,4,2,0.4283,4000,0.6636,0.6664,0.662,0.7106,0.758,0.7542,0.7023,0.7339,0.338,0.3667,0.3025,0.3542
1,4,3,0.3495,4000,0.6866,0.6873,0.6751,0.7401,0.7326,0.7527,0.7178,0.7143,0.2674,0.3228,0.2658,0.3194
1,4,4,0.3602,4000,0.6738,0.6826,0.6664,0.7161,0.7022,0.7136,0.6853,0.7232,0.2558,0.3194,0.2659,0.2869
1,4,5,0.3958,4000,0.6958,0.7156,0.6708,0.7254,0.7016,0.7611,0.6925,0.728,0.1849,0.3244,0.2221,0.2796
1,4,6,0.2972,4000,0.6865,0.6946,0.683,0.7261,0.7043,0.7148,0.6825,0.7178,0.2532,0.2885,0.2288,0.3003
1,4,7,0.2343,4000,0.6619,0.6672,0.6676,0.7205,0.7117,0.7337,0.718,0.7291,0.1948,0.3141,0.2376,0.2366
1,4,8,0.23,4000,0.6977,0.6722,0.6888,0.6938,0.7292,0.7324,0.7179,0.7395,0.2986,0.3265,0.2527,0.3177
1,4,9,0.2248,4000,0.6938,0.6817,0.7105,0.718,0.7167,0.7432,0.7091,0.7199,0.2308,0.2988,0.2382,0.2917
1,4,10,0.2378,4000,0.7081,0.7098,0.7123,0.7168,0.7028,0.7344,0.7169,0.7098,0.2375,0.3175,0.2303,0.2631
1,4,11,0.334,4000,0.6888,0.6977,0.711,0.7106,0.7081,0.7471,0.727,0.721,0.2709,0.3717,0.3486,0.3409
1,4,12,0.3619,4000,0.6842,0.6648,0.6842,0.6775,0.7285,0.7322,0.7285,0.7187,0.2925,0.347,0.2925,0.3119
2,4,1,0.5921,3950,0.6686,0.6857,0.543,0.6951,0.7585,0.7465,0.703,0.728,0.3642,0.3778,0.2018,0.3486
2,4,2,0.4267,3950,0.6432,0.6467,0.6516,0.7116,0.7478,0.7657,0.7017,0.7478,0.3329,0.3303,0.2408,0.2987
2,4,3,0.3467,3950,0.651,0.6702,0.6469,0.7062,0.7115,0.7305,0.7174,0.7132,0.2285,0.3109,0.262,0.2929
2,4,4,0.3557,3950,0.6747,0.6653,0.641,0.7143,0.7227,0.7468,0.7148,0.7182,0.2483,0.3134,0.2645,0.2923
2,4,5,0.3776,3950,0.6846,0.6603,0.6728,0.7255,0.723,0.748,0.714,0.7397,0.2418,0.3076,0.2685,0.3619
2,4,6,0.2814,3950,0.6661,0.6752,0.6814,0.6986,0.7193,0.7379,0.7308,0.7441,0.2468,0.2886,0.2639,0.3003
2,4,7,0.2265,3950,0.7134,0.6861,0.6762,0.7103,0.73,0.7351,0.7322,0.7254,0.2793,0.3184,0.3296,0.3375
2,4,8,0.2229,3950,0.6568,0.6834,0.6698,0.6869,0.7107,0.7412,0.7153,0.7198,0.2051,0.3119,0.2494,0.2983
2,4,9,0.2118,3950,0.672,0.6867,0.7135,0.7075,0.7091,0.7545,0.7201,0.7344,0.2707,0.3531,0.309,0.3161
2,4,10,0.2244,3950,0.6804,0.6715,0.7107,0.7092,0.7394,0.7512,0.7516,0.7358,0.3013,0.3353,0.3306,0.3201
2,4,11,0.325,3950,0.6931,0.6946,0.7013,0.7022,0.7243,0.7494,0.7367,0.7213,0.2817,0.343,0.3444,0.3097
2,4,12,0.359,3950,0.6902,0.6667,0.6902,0.701,0.7271,0.7396,0.7271,0.7452,0.3294,0.3464,0.3294,0.369
3,4,1,0.5734,3975,0.683,0.6945,0.5362,0.6905,0.7382,0.7367,0.6761,0.7368,0.3488,0.3253,0.1744,0.3192
3,4,2,0.4053,3975,0.6578,0.6656,0.6149,0.7037,0.7235,0.7379,0.7166,0.7444,0.283,0.3172,0.2792,0.3327
3,4,3,0.3297,3975,0.6837,0.667,0.6651,0.719,0.7134,0.7369,0.6872,0.7142,0.2197,0.2941,0.2039,0.2894
3,4,4,0.3384,3975,0.6667,0.6892,0.6695,0.7091,0.7079,0.7367,0.7109,0.7306,0.2799,0.3415,0.2983,0.3508
3,4,5,0.3627,3975,0.6911,0.6905,0.679,0.697,0.7096,0.7453,0.7103,0.7286,0.2336,0.3013,0.2663,0.3208
3,4,6,0.2606,3975,0.6766,0.6983,0.6657,0.7155,0.717,0.7219,0.7062,0.7369,0.2388,0.3395,0.2576,0.3563
3,4,7,0.2011,3975,0.6866,0.6701,0.6816,0.7309,0.7153,0.754,0.7116,0.7296,0.2268,0.3051,0.2432,0.2769
3,4,8,0.203,3975,0.6966,0.6819,0.7214,0.7208,0.7119,0.7441,0.7088,0.7201,0.2348,0.2768,0.2425,0.3041
3,4,9,0.1987,3975,0.6672,0.6793,0.7132,0.7135,0.7163,0.7306,0.7185,0.7314,0.2797,0.3035,0.298,0.3317
3,4,10,0.2089,3975,0.664,0.6808,0.6942,0.6856,0.7169,0.7297,0.7176,0.7086,0.2666,0.3205,0.2678,0.3001
3,4,11,0.3101,3975,0.7077,0.6637,0.7129,0.7029,0.7177,0.7473,0.7322,0.7299,0.3061,0.3443,0.3217,0.3374
3,4,12,0.3356,3975,0.6769,0.6829,0.6769,0.6863,0.7317,0.75,0.7317,0.7164,0.3601,0.3625,0.3601,0.3331
4,4,1,0.6092,4000,0.6779,0.6864,0.5368,0.7179,0.7486,0.7402,0.6805,0.7275,0.339,0.3592,0.1673,0.2876
4,4,2,0.4257,4000,0.6926,0.6883,0.6532,0.7156,0.7321,0.757,0.7011,0.7235,0.3349,0.3417,0.224,0.31
4,4,3,0.3429,4000,0.6409,0.6996,0.6544,0.71,0.719,0.7345,0.705,0.7374,0.2349,0.3171,0.2221,0.3007
4,4,4,0.35,4000,0.6484,0.6407,0.6189,0.6902,0.6958,0.7224,0.6937,0.6989,0.1759,0.2729,0.2014,0.2807
4,4,5,0.3666,4000,0.6732,0.6515,0.6453,0.6987,0.698,0.7213,0.7025,0.7326,0.2152,0.3401,0.2164,0.2855
4,4,6,0.2711,4000,0.6631,0.6765,0.6554,0.7086,0.7186,0.7345,0.7143,0.7151,0.2211,0.3225,0.2487,0.3029
4,4,7,0.194,4000,0.6816,0.6986,0.6811,0.7055,0.7082,0.7201,0.7074,0.7202,0.2243,0.3174,0.2579,0.2752
4,4,8,0.1974,4000,0.6852,0.7002,0.6893,0.711,0.7117,0.728,0.7132,0.7349,0.2802,0.3359,0.2637,0.28
4,4,9,0.1961,4000,0.6495,0.6491,0.6892,0.7016,0.6883,0.7359,0.7118,0.7181,0.2293,0.2917,0.2205,0.2462
4,4,10,0.2129,4000,0.6997,0.6892,0.7176,0.7184,0.6991,0.7293,0.7059,0.6953,0.2222,0.3279,0.2727,0.2745
4,4,11,0.3173,4000,0.6704,0.6838,0.6851,0.687,0.7265,0.7383,0.7129,0.71,0.2374,0.3049,0.2571,0.2437
4,4,12,0.3561,4000,0.6952,0.7011,0.6952,0.6873,0.7423,0.7534,0.7423,0.7303,0.2964,0.3346,0.2964,0.3037
