layer,ss3_lin_acc,ss3_xgb_acc,burial_lin_acc,burial_xgb_acc,rsa_lin_r2,rsa_xgb_r2,bfactor_lin_r2,bfactor_xgb_r2,binding_site_lin_acc,binding_site_xgb_acc,binding_site_lin_f1,binding_site_xgb_f1,active_site_lin_acc,active_site_xgb_acc,active_site_lin_f1,active_site_xgb_f1,ptm_site_lin_acc,ptm_site_xgb_acc,ptm_site_lin_f1,ptm_site_xgb_f1
emb,0.5565,0.5565,0.6201,0.6201,0.081,0.081,0.012,0.012,0.599,0.599,0.5963,0.5963,0.7418,0.7418,0.4985,0.4983,0.7759,0.7759,0.5224,0.5224
L1,0.6345,0.6275,0.6858,0.6799,0.238,0.2179,0.1018,0.0807,0.7705,0.7685,0.7643,0.7625,0.8122,0.92,0.5369,0.5925,0.8588,0.9328,0.5776,0.6376
L2,0.6865,0.6758,0.7042,0.6999,0.2945,0.2618,0.1293,0.0969,0.7725,0.7705,0.7666,0.7646,0.8224,0.9381,0.5504,0.6356,0.8562,0.9325,0.5776,0.6418
L3,0.7236,0.7112,0.7093,0.694,0.3022,0.2653,0.1343,0.0968,0.7886,0.7776,0.7831,0.7714,0.8312,0.9404,0.5537,0.6151,0.8557,0.9273,0.5758,0.6155
L4,0.7261,0.7126,0.718,0.7095,0.3085,0.2919,0.1271,0.1044,0.7905,0.7797,0.7848,0.7733,0.823,0.947,0.5468,0.6468,0.8577,0.9284,0.5825,0.6218
L5,0.7382,0.7258,0.7207,0.7178,0.3162,0.2966,0.1361,0.1094,0.8045,0.7938,0.7991,0.7877,0.8465,0.9535,0.5686,0.6715,0.8524,0.9346,0.5731,0.6446
L6,0.7395,0.7312,0.7182,0.7189,0.3206,0.313,0.1434,0.1281,0.8159,0.815,0.8102,0.8081,0.8629,0.9588,0.593,0.6974,0.8612,0.9341,0.5848,0.6363
L7,0.7526,0.7327,0.716,0.7159,0.3148,0.3124,0.1417,0.1364,0.8185,0.8234,0.8119,0.816,0.8666,0.9636,0.5978,0.7211,0.8513,0.939,0.5736,0.6485
L8,0.7652,0.7551,0.7348,0.7285,0.3474,0.3364,0.1469,0.1359,0.8209,0.8289,0.8141,0.8211,0.8599,0.9678,0.5866,0.742,0.849,0.9378,0.5701,0.6423
L9,0.7794,0.7682,0.7344,0.7393,0.3723,0.3589,0.1699,0.1482,0.8254,0.8301,0.8189,0.8231,0.8736,0.9702,0.5981,0.7531,0.8428,0.9377,0.5645,0.6452
L10,0.7823,0.7708,0.7497,0.7436,0.394,0.3773,0.1777,0.1473,0.8293,0.8232,0.8231,0.8163,0.8753,0.9681,0.6029,0.7512,0.8478,0.9335,0.5774,0.642
L11,0.7893,0.7779,0.7677,0.7562,0.4357,0.4078,0.1909,0.1701,0.8244,0.8266,0.8183,0.82,0.8901,0.9674,0.6185,0.7508,0.8507,0.9314,0.5787,0.6455
L12,0.7879,0.772,0.7633,0.7584,0.4305,0.4129,0.1881,0.1675,0.823,0.8166,0.8165,0.8096,0.8831,0.9649,0.6127,0.732,0.8543,0.9331,0.58,0.6465
