target,layer,n_classes,lin_acc,lin_f1,xgb_acc,xgb_f1
cath_class,emb,5,0.6345,0.3902,0.6271,0.4166
cath_class,L1,5,0.6002,0.39,0.6288,0.3607
cath_class,L2,5,0.6811,0.476,0.686,0.4306
cath_class,L3,5,0.6975,0.4868,0.7195,0.4265
cath_class,L4,5,0.7318,0.5136,0.7637,0.4892
cath_class,L5,5,0.731,0.4939,0.785,0.5426
cath_class,L6,5,0.7424,0.5225,0.7858,0.5398
cath_class,L7,5,0.7596,0.547,0.785,0.5153
cath_class,L8,5,0.7482,0.5257,0.7923,0.5328
cath_class,L9,5,0.7719,0.5292,0.7874,0.5141
cath_class,L10,5,0.7506,0.507,0.7989,0.5761
cath_class,L11,5,0.7343,0.5283,0.7972,0.5111
cath_class,L12,5,0.7473,0.503,0.7809,0.5115
cath_arch,emb,8,0.3479,0.2155,0.3741,0.261
cath_arch,L1,8,0.3766,0.3202,0.417,0.3083
cath_arch,L2,8,0.3917,0.3388,0.4305,0.3223
cath_arch,L3,8,0.4617,0.4461,0.4853,0.369
cath_arch,L4,8,0.5088,0.4876,0.5476,0.471
cath_arch,L5,8,0.5965,0.5893,0.6201,0.5748
cath_arch,L6,8,0.6083,0.5993,0.658,0.6125
cath_arch,L7,8,0.6302,0.5971,0.6563,0.6184
cath_arch,L8,8,0.6276,0.6044,0.6698,0.6157
cath_arch,L9,8,0.6318,0.6089,0.6563,0.6306
cath_arch,L10,8,0.6226,0.5932,0.6554,0.6168
cath_arch,L11,8,0.6259,0.6087,0.6495,0.6142
cath_arch,L12,8,0.5914,0.5842,0.604,0.5442
cath_topol,emb,12,0.3632,0.1929,0.3739,0.2346
cath_topol,L1,12,0.3465,0.2749,0.3951,0.2611
cath_topol,L2,12,0.386,0.2883,0.4179,0.2808
cath_topol,L3,12,0.4787,0.3697,0.4772,0.3436
cath_topol,L4,12,0.576,0.4618,0.5942,0.4699
cath_topol,L5,12,0.6717,0.5801,0.6869,0.564
cath_topol,L6,12,0.7036,0.6161,0.7234,0.6266
cath_topol,L7,12,0.734,0.6755,0.728,0.6436
cath_topol,L8,12,0.7295,0.6359,0.7264,0.6383
cath_topol,L9,12,0.7173,0.6439,0.7386,0.6589
cath_topol,L10,12,0.7097,0.6345,0.7325,0.6398
cath_topol,L11,12,0.7128,0.6322,0.7158,0.6191
cath_topol,L12,12,0.6869,0.6288,0.6702,0.5753
ec_class,emb,7,0.6021,0.1074,0.6364,0.2551
ec_class,L1,7,0.5497,0.2788,0.6346,0.2699
ec_class,L2,7,0.5575,0.2995,0.6587,0.2999
ec_class,L3,7,0.578,0.3142,0.6604,0.3256
ec_class,L4,7,0.6021,0.3782,0.6758,0.3418
ec_class,L5,7,0.6527,0.4608,0.7084,0.4277
ec_class,L6,7,0.6595,0.4577,0.7196,0.4929
ec_class,L7,7,0.6638,0.5063,0.7333,0.5156
ec_class,L8,7,0.6612,0.4764,0.7324,0.5005
ec_class,L9,7,0.6527,0.4901,0.7221,0.5082
ec_class,L10,7,0.6484,0.4804,0.7316,0.4979
ec_class,L11,7,0.6578,0.4997,0.7221,0.4895
ec_class,L12,7,0.6595,0.4843,0.7007,0.4038
enzyme,emb,2,0.5853,0.509,0.6988,0.6828
enzyme,L1,2,0.6741,0.661,0.7005,0.6839
enzyme,L2,2,0.6843,0.671,0.7159,0.6983
enzyme,L3,2,0.7116,0.6988,0.7235,0.7071
enzyme,L4,2,0.7227,0.7102,0.7483,0.7325
enzyme,L5,2,0.7415,0.7278,0.7816,0.7669
enzyme,L6,2,0.7509,0.7373,0.7671,0.7499
enzyme,L7,2,0.7363,0.7193,0.7662,0.751
enzyme,L8,2,0.7355,0.7209,0.7705,0.7571
enzyme,L9,2,0.7346,0.7203,0.779,0.7647
enzyme,L10,2,0.7287,0.7162,0.7637,0.7509
enzyme,L11,2,0.7423,0.731,0.7901,0.777
enzyme,L12,2,0.7457,0.7321,0.7509,0.7346
protein_class,emb,12,0.3791,0.0963,0.423,0.2176
protein_class,L1,12,0.3483,0.2376,0.4407,0.2222
protein_class,L2,12,0.3585,0.257,0.4669,0.2593
protein_class,L3,12,0.3838,0.309,0.4818,0.2891
protein_class,L4,12,0.4332,0.3654,0.5257,0.3761
protein_class,L5,12,0.4678,0.408,0.5612,0.4406
protein_class,L6,12,0.5182,0.4583,0.5836,0.4703
protein_class,L7,12,0.5051,0.4509,0.5948,0.4978
protein_class,L8,12,0.5229,0.4551,0.5864,0.499
protein_class,L9,12,0.5275,0.4764,0.5985,0.5067
protein_class,L10,12,0.4883,0.4544,0.5882,0.4939
protein_class,L11,12,0.4846,0.4296,0.5929,0.4922
protein_class,L12,12,0.5005,0.4451,0.5425,0.419
localisation,emb,6,0.4733,0.2926,0.5283,0.376
localisation,L1,6,0.4933,0.3726,0.5367,0.3768
localisation,L2,6,0.5067,0.4247,0.5333,0.402
localisation,L3,6,0.5233,0.4553,0.5733,0.4477
localisation,L4,6,0.535,0.4361,0.5833,0.4088
localisation,L5,6,0.5567,0.4637,0.61,0.4491
localisation,L6,6,0.575,0.4768,0.6233,0.4964
localisation,L7,6,0.5433,0.4412,0.6117,0.4886
localisation,L8,6,0.5317,0.4578,0.635,0.5072
localisation,L9,6,0.5417,0.4564,0.63,0.5076
localisation,L10,6,0.55,0.498,0.6083,0.4807
localisation,L11,6,0.5483,0.479,0.6083,0.4801
localisation,L12,6,0.52,0.422,0.615,0.4857
kingdom,emb,4,0.7188,0.5163,0.7607,0.5849
kingdom,L1,4,0.7368,0.6015,0.7632,0.5895
kingdom,L2,4,0.7487,0.6058,0.7709,0.598
kingdom,L3,4,0.7538,0.6035,0.7855,0.5924
kingdom,L4,4,0.7496,0.5773,0.7957,0.5715
kingdom,L5,4,0.7581,0.6116,0.806,0.6216
kingdom,L6,4,0.765,0.6101,0.7991,0.5888
kingdom,L7,4,0.7675,0.6208,0.7786,0.5964
kingdom,L8,4,0.7513,0.6065,0.7658,0.5589
kingdom,L9,4,0.7487,0.5941,0.7684,0.5675
kingdom,L10,4,0.747,0.5888,0.7701,0.5675
kingdom,L11,4,0.7786,0.6433,0.8094,0.6357
kingdom,L12,4,0.7974,0.6663,0.8316,0.6883
is_transport,emb,2,0.9164,0.4782,0.913,0.5135
is_transport,L1,2,0.8916,0.5765,0.9198,0.5438
is_transport,L2,2,0.8925,0.5724,0.9198,0.5593
is_transport,L3,2,0.8925,0.6047,0.9189,0.5508
is_transport,L4,2,0.8976,0.6275,0.9283,0.6252
is_transport,L5,2,0.8959,0.6366,0.9232,0.6109
is_transport,L6,2,0.9027,0.6345,0.9181,0.6033
is_transport,L7,2,0.8985,0.6508,0.9198,0.6477
is_transport,L8,2,0.8951,0.6355,0.9198,0.6381
is_transport,L9,2,0.8976,0.6564,0.9258,0.6581
is_transport,L10,2,0.9053,0.6573,0.9249,0.6612
is_transport,L11,2,0.8933,0.6332,0.9326,0.6938
is_transport,L12,2,0.8976,0.6461,0.9198,0.6116
is_dna_binding,emb,2,0.8891,0.4995,0.8951,0.5898
is_dna_binding,L1,2,0.8686,0.6137,0.8976,0.5779
is_dna_binding,L2,2,0.8771,0.6234,0.8968,0.577
is_dna_binding,L3,2,0.8788,0.6379,0.9002,0.6143
is_dna_binding,L4,2,0.8993,0.7088,0.9078,0.6683
is_dna_binding,L5,2,0.8951,0.7275,0.9224,0.7406
is_dna_binding,L6,2,0.8985,0.7435,0.9215,0.7614
is_dna_binding,L7,2,0.9121,0.7718,0.9275,0.7787
is_dna_binding,L8,2,0.9113,0.7672,0.9326,0.8027
is_dna_binding,L9,2,0.9036,0.7548,0.93,0.7926
is_dna_binding,L10,2,0.9044,0.751,0.9317,0.7943
is_dna_binding,L11,2,0.9019,0.7398,0.9258,0.7715
is_dna_binding,L12,2,0.907,0.7585,0.9275,0.7554
is_rna_binding,emb,2,0.9437,0.4855,0.9514,0.5744
is_rna_binding,L1,2,0.9275,0.5911,0.9488,0.5582
is_rna_binding,L2,2,0.9292,0.6007,0.9471,0.5167
is_rna_binding,L3,2,0.9309,0.6297,0.9522,0.5759
is_rna_binding,L4,2,0.9445,0.7076,0.9531,0.6212
is_rna_binding,L5,2,0.9462,0.7338,0.9556,0.6635
is_rna_binding,L6,2,0.9403,0.702,0.9625,0.7344
is_rna_binding,L7,2,0.9514,0.7477,0.9608,0.716
is_rna_binding,L8,2,0.948,0.7383,0.9633,0.7433
is_rna_binding,L9,2,0.9471,0.7234,0.9616,0.7253
is_rna_binding,L10,2,0.942,0.7105,0.9625,0.722
is_rna_binding,L11,2,0.9369,0.6987,0.9625,0.7344
is_rna_binding,L12,2,0.9411,0.7085,0.9599,0.7131
is_kinase,emb,2,0.9573,0.4891,0.9582,0.5595
is_kinase,L1,2,0.9386,0.609,0.9582,0.5438
is_kinase,L2,2,0.9497,0.6228,0.9599,0.5463
is_kinase,L3,2,0.9377,0.6151,0.965,0.655
is_kinase,L4,2,0.9505,0.6786,0.971,0.735
is_kinase,L5,2,0.9599,0.7195,0.9727,0.7767
is_kinase,L6,2,0.965,0.7705,0.9727,0.7707
is_kinase,L7,2,0.965,0.7751,0.9744,0.796
is_kinase,L8,2,0.9693,0.8005,0.9735,0.8018
is_kinase,L9,2,0.9642,0.7719,0.9761,0.8188
is_kinase,L10,2,0.965,0.7751,0.9761,0.8143
is_kinase,L11,2,0.9633,0.7817,0.9735,0.7865
is_kinase,L12,2,0.9633,0.7593,0.9693,0.7274
is_ribosomal,emb,2,0.9821,0.6334,0.9812,0.5369
is_ribosomal,L1,2,0.9838,0.708,0.9863,0.7108
is_ribosomal,L2,2,0.977,0.6649,0.9846,0.65
is_ribosomal,L3,2,0.9812,0.7452,0.9846,0.65
is_ribosomal,L4,2,0.9804,0.7001,0.9881,0.747
is_ribosomal,L5,2,0.9863,0.806,0.9872,0.7381
is_ribosomal,L6,2,0.9838,0.7848,0.9846,0.65
is_ribosomal,L7,2,0.9863,0.786,0.9881,0.7636
is_ribosomal,L8,2,0.9838,0.7749,0.9881,0.747
is_ribosomal,L9,2,0.9855,0.789,0.9898,0.7974
is_ribosomal,L10,2,0.9863,0.786,0.9863,0.6889
is_ribosomal,L11,2,0.9872,0.8138,0.9846,0.6747
is_ribosomal,L12,2,0.9855,0.8074,0.9889,0.7875
is_membrane_protein,emb,2,0.8933,0.5521,0.9019,0.6251
is_membrane_protein,L1,2,0.878,0.6512,0.9078,0.6538
is_membrane_protein,L2,2,0.878,0.6693,0.9078,0.6717
is_membrane_protein,L3,2,0.8857,0.6666,0.9155,0.6943
is_membrane_protein,L4,2,0.8857,0.6843,0.9138,0.6976
is_membrane_protein,L5,2,0.8976,0.7085,0.9061,0.688
is_membrane_protein,L6,2,0.9027,0.7314,0.9198,0.7359
is_membrane_protein,L7,2,0.9019,0.7416,0.9164,0.7437
is_membrane_protein,L8,2,0.9036,0.7368,0.9189,0.7461
is_membrane_protein,L9,2,0.8976,0.7294,0.9138,0.7227
is_membrane_protein,L10,2,0.901,0.7366,0.9172,0.7262
is_membrane_protein,L11,2,0.9019,0.747,0.9206,0.7374
is_membrane_protein,L12,2,0.9078,0.7397,0.9121,0.7036
is_structural,emb,2,0.9573,0.4891,0.959,0.528
is_structural,L1,2,0.9343,0.5598,0.959,0.528
is_structural,L2,2,0.936,0.5524,0.9599,0.5463
is_structural,L3,2,0.948,0.5904,0.959,0.528
is_structural,L4,2,0.9394,0.5941,0.9599,0.5625
is_structural,L5,2,0.9454,0.638,0.9573,0.5261
is_structural,L6,2,0.9514,0.6267,0.9599,0.5914
is_structural,L7,2,0.948,0.619,0.959,0.6145
is_structural,L8,2,0.9471,0.6082,0.9599,0.6281
is_structural,L9,2,0.948,0.619,0.9573,0.5724
is_structural,L10,2,0.9539,0.6328,0.9608,0.619
is_structural,L11,2,0.9411,0.629,0.9608,0.619
is_structural,L12,2,0.948,0.619,0.9633,0.6134
is_immune,emb,2,0.9633,0.5129,0.9684,0.5983
is_immune,L1,2,0.9497,0.5937,0.9684,0.6144
is_immune,L2,2,0.9497,0.5937,0.9684,0.6144
is_immune,L3,2,0.9462,0.577,0.9684,0.6144
is_immune,L4,2,0.959,0.6736,0.9744,0.7157
is_immune,L5,2,0.9659,0.7055,0.9744,0.7157
is_immune,L6,2,0.9667,0.7004,0.977,0.7486
is_immune,L7,2,0.9659,0.6882,0.9753,0.73
is_immune,L8,2,0.9667,0.7004,0.9744,0.7256
is_immune,L9,2,0.965,0.6939,0.9753,0.7201
is_immune,L10,2,0.9727,0.743,0.9753,0.73
is_immune,L11,2,0.9642,0.6908,0.977,0.7394
is_immune,L12,2,0.9693,0.7274,0.9744,0.705
is_phospho,emb,2,0.7765,0.538,0.785,0.6487
is_phospho,L1,2,0.7875,0.6713,0.7952,0.6466
is_phospho,L2,2,0.8038,0.705,0.8029,0.6693
is_phospho,L3,2,0.7927,0.6832,0.8131,0.6887
is_phospho,L4,2,0.8114,0.7127,0.808,0.6847
is_phospho,L5,2,0.7995,0.7017,0.8251,0.7285
is_phospho,L6,2,0.7978,0.6983,0.8234,0.7196
is_phospho,L7,2,0.7986,0.7043,0.8208,0.7188
is_phospho,L8,2,0.7952,0.694,0.8174,0.7179
is_phospho,L9,2,0.808,0.7136,0.8191,0.7197
is_phospho,L10,2,0.802,0.7109,0.8276,0.7329
is_phospho,L11,2,0.8003,0.7124,0.8276,0.7295
is_phospho,L12,2,0.8208,0.7383,0.8285,0.7387
is_glyco,emb,2,0.9027,0.5783,0.9206,0.6899
is_glyco,L1,2,0.8951,0.6653,0.9181,0.6742
is_glyco,L2,2,0.9053,0.6924,0.9266,0.7011
is_glyco,L3,2,0.913,0.7309,0.9352,0.759
is_glyco,L4,2,0.9164,0.7345,0.9377,0.7508
is_glyco,L5,2,0.9172,0.7474,0.942,0.7889
is_glyco,L6,2,0.9292,0.7782,0.9394,0.7784
is_glyco,L7,2,0.9258,0.7675,0.9394,0.7853
is_glyco,L8,2,0.9249,0.7616,0.9377,0.7815
is_glyco,L9,2,0.9258,0.7715,0.942,0.7911
is_glyco,L10,2,0.9292,0.77,0.9377,0.7769
is_glyco,L11,2,0.9206,0.7557,0.942,0.7954
is_glyco,L12,2,0.9224,0.7546,0.9437,0.7929
